Timestamp,avg_monthly hours,department,last evaluation [0 to 1] (fractional),no of projects you have completed in industry?,salary,satisfaction level [ 0 to 1](fractional),status,tenure ( no of years you are working in software industry)
2023/05/14 10:23:59 PM GMT+6,270,Software Engineering,0.4,6,medium,0.5,Emplyeed,4
2023/05/14 10:31:16 PM GMT+6,250,IT,0.3,3,low,0.3,Emplyeed,2
2023/05/14 10:44:47 PM GMT+6,220,Software Engineering,0.9,5,medium,0.7,Emplyeed,0.9
2023/05/14 11:23:55 PM GMT+6,220,sales,0.7,3,medium,0.6,Emplyeed,2
2023/05/14 11:50:23 PM GMT+6,220,IT,0.5,2,medium,0.6,Emplyeed,3
2023/05/15 12:29:10 AM GMT+6,300,Software Engineering,1,3,high,1,Emplyeed,2
2023/05/15 12:33:18 AM GMT+6,270,Engineering,0.97,6,medium,0.67,Emplyeed,9
2023/05/15 12:33:23 AM GMT+6,250,Software Engineering,0.65,10,medium,0.6,Left,3
2023/05/15 11:24:15 PM GMT+6,200,Manager,0.78,12,medium,0.7,Emplyeed,8
2023/05/15 11:49:59 PM GMT+6,200,Software Engineering,0.5,3,low,0.75,Left,0.6
2023/05/16 8:39:42 PM GMT+6,250,Engineering,0.5,6,medium,0.6,Emplyeed,4
2023/05/16 10:04:17 PM GMT+6,300,production,0.7,7,medium,0.6,Emplyeed,3
2023/05/16 10:05:16 PM GMT+6,250,Finance,0.4,4,low,0.4,Left,3
2023/05/16 10:06:30 PM GMT+6,256,Software Engineering,0.6,5,medium,0.7,Emplyeed,3
2023/05/16 10:07:42 PM GMT+6,265,IT,0.6,6,medium,0.6,Emplyeed,4
2023/05/16 10:08:24 PM GMT+6,200,Software Engineering,0.7,5,medium,0.8,Emplyeed,3
2023/05/16 10:09:29 PM GMT+6,300,Engineering,0.5,4,low,0.5,Emplyeed,2
2023/05/19 10:30:07 PM GMT+6,300,Software Engineering,0.5,4,low,0.4,Left,2
2023/05/19 10:31:56 PM GMT+6,255,IT,0.6,5,medium,0.6,Emplyeed,3
2023/05/19 10:33:41 PM GMT+6,200,Engineering,0.6,5,medium,0.7,Emplyeed,3
2023/05/19 10:35:32 PM GMT+6,350,Software Engineering,0.3,3,low,0.3,Left,3
2023/05/19 10:36:59 PM GMT+6,270,sales,0.4,4,low,0.5,Left,2
2023/05/19 10:38:18 PM GMT+6,250,production,0.5,3,medium,0.6,Emplyeed,4
2023/05/19 11:04:37 PM GMT+6,245,Finance,0.39,5,medium,0.46,Left,2
2023/05/19 11:06:20 PM GMT+6,300,Manager,0.78,10,high,0.85,Emplyeed,5
2023/05/19 11:08:29 PM GMT+6,200,Manager,0.86,11,high,0.91,Emplyeed,7
2023/05/19 11:09:24 PM GMT+6,265,Software Engineering,0.42,2,low,0.45,Left,2
2023/05/20 10:15:53 PM GMT+6,320,Engineering,0.8,1,medium,0.6,Emplyeed,1.6
2023/05/23 8:57:47 PM GMT+6,250,Software Engineering,0.5,2,medium,0.5,Emplyeed,0.5
2023/05/25 8:05:01 AM GMT+6,310,Engineering,0.4,3,low,0.4,Left,2
2023/05/25 8:30:04 AM GMT+6,200,Manager,0.8,12,high,0.7,Emplyeed,7
2023/05/25 8:31:49 AM GMT+6,250,IT,0.6,3,low,0.5,Left,2
2023/05/25 8:39:14 AM GMT+6,270,sales,0.6,4,medium,0.6,Emplyeed,3
2023/05/25 8:45:30 AM GMT+6,220,Finance,0.7,4,medium,0.6,Emplyeed,3
2023/05/25 8:47:30 AM GMT+6,270,IT,0.5,4,medium,0.6,Emplyeed,3
2023/05/25 8:48:38 AM GMT+6,270,Software Engineering,0.4,3,low,0.3,Left,2
2023/05/25 8:49:21 AM GMT+6,255,Software Engineering,0.5,4,medium,0.7,Emplyeed,4
2023/05/25 9:00:04 AM GMT+6,200,Software Engineering,0.7,5,medium,0.6,Emplyeed,4
2023/05/25 9:00:50 AM GMT+6,250,production,0.3,2,low,0.4,Left,2
2023/05/25 9:10:57 AM GMT+6,300,Software Engineering,0.4,2,low,0.4,Left,2
2023/05/25 9:11:48 AM GMT+6,215,Software Engineering,0.6,5,medium,0.75,Emplyeed,3
2023/05/25 9:12:42 AM GMT+6,285,Software Engineering,0.5,3,low,0.4,Left,2
2023/05/25 9:13:26 AM GMT+6,225,Software Engineering,0.6,4,medium,0.7,Emplyeed,3
2023/05/25 9:14:20 AM GMT+6,270,Engineering,0.56,3,medium,0.5,Emplyeed,3
2023/05/25 9:15:10 AM GMT+6,290,Software Engineering,0.4,3,low,0.45,Left,2
2023/05/28 3:27:55 PM GMT+6,265,Software Engineering,0.4,3,low,0.5,Left,2
2023/05/28 3:29:30 PM GMT+6,300,IT,0.45,3,low,0.4,Left,3
2023/05/28 3:30:30 PM GMT+6,250,Software Engineering,0.68,6,medium,0.65,Emplyeed,4
2023/05/28 3:31:31 PM GMT+6,200,Manager,0.8,7,high,0.85,Emplyeed,6
2023/05/28 3:34:19 PM GMT+6,300,Software Engineering,0.35,2,low,0.4,Left,2
2023/05/28 3:35:54 PM GMT+6,220,production,0.65,4,medium,0.7,Emplyeed,4
2023/05/28 3:37:13 PM GMT+6,250,sales,0.5,4,medium,0.6,Emplyeed,3
2023/05/28 3:42:52 PM GMT+6,300,Engineering,0.4,2,low,0.35,Left,2
2023/05/28 3:45:45 PM GMT+6,210,Finance,0.65,5,medium,0.7,Emplyeed,4
2023/05/28 3:47:45 PM GMT+6,260,production,0.46,3,low,0.4,Left,3
2023/05/28 3:55:42 PM GMT+6,300,Software Engineering,0.4,3,low,0.4,Left,3
2023/05/28 5:06:27 PM GMT+6,265,teacher,0.65,4,medium,0.6,Emplyeed,4
2023/05/28 5:13:46 PM GMT+6,160,Software Engineering,1,5,medium,0.6,Emplyeed,5
2023/05/28 5:14:34 PM GMT+6,250,sales,0.4,5,medium,0.55,Emplyeed,3
2023/05/29 7:12:50 PM GMT+6,250,Software Engineering,0.7,3,medium,0.7,Emplyeed,2
2023/05/29 8:27:07 PM GMT+6,270,Software Engineering,0.5,3,medium,0.4,Emplyeed,2
2023/05/29 9:02:32 PM GMT+6,265,Software Engineering,0.48,3,low,0.45,Left,2
2023/05/29 9:06:33 PM GMT+6,255,Software Engineering,0.65,5,medium,0.7,Emplyeed,3
2023/05/29 9:07:51 PM GMT+6,220,Software Engineering,0.6,5,medium,0.6,Emplyeed,3
2023/05/29 9:08:39 PM GMT+6,300,sales,0.45,3,low,0.45,Left,2
2023/05/30 9:14:02 PM GMT+6,200,Software Engineering,0.65,5,medium,0.7,Emplyeed,3
2023/05/30 9:15:02 PM GMT+6,250,IT,0.5,3,low,0.45,Left,2
2023/05/30 9:16:34 PM GMT+6,250,Manager,0.75,7,high,0.8,Emplyeed,6
2023/05/30 9:21:26 PM GMT+6,300,sales,0.45,2,low,0.4,Left,2
2023/05/30 10:03:38 PM GMT+6,200,Manager,0.7,5,high,0.7,Emplyeed,6
2023/05/30 10:04:22 PM GMT+6,250,sales,0.5,3,medium,0.6,Emplyeed,2
2023/05/30 10:05:00 PM GMT+6,270,Software Engineering,0.5,4,medium,0.5,Emplyeed,2
2023/05/30 10:05:35 PM GMT+6,250,Software Engineering,0.4,2,medium,0.3,Left,3
2023/05/30 10:06:13 PM GMT+6,250,Engineering,0.5,3,high,0.7,Emplyeed,2
2023/05/30 10:06:46 PM GMT+6,250,Manager,0.5,3,high,0.8,Emplyeed,5
2023/05/30 10:07:26 PM GMT+6,300,IT,0.8,7,high,0.8,Emplyeed,3
2023/05/30 10:08:06 PM GMT+6,270,production,0.3,2,low,0.3,Left,1
2023/05/30 10:08:53 PM GMT+6,250,Software Engineering,0.9,3,high,0.6,Emplyeed,4
2023/05/30 10:09:37 PM GMT+6,250,Software Engineering,0.7,2,medium,0.6,Emplyeed,4
2023/05/30 10:10:26 PM GMT+6,270,production,0.7,2,high,0.6,Emplyeed,3
2023/05/30 10:13:06 PM GMT+6,250,Software Engineering,0.2,2,low,0.5,Left,2
2023/05/30 10:13:44 PM GMT+6,270,Manager,0.8,5,high,0.7,Emplyeed,3
2023/05/30 10:14:14 PM GMT+6,270,Engineering,0.7,3,medium,0.5,Emplyeed,3
2023/05/30 10:14:44 PM GMT+6,250,sales,0.4,3,low,0.4,Left,3
2023/05/30 10:15:22 PM GMT+6,300,Manager,0.7,5,high,0.7,Emplyeed,6
2023/05/30 10:15:52 PM GMT+6,270,Engineering,0.6,4,medium,0.6,Emplyeed,3
2023/05/30 10:32:26 PM GMT+6,250,Software Engineering,0.5,2,medium,0.4,Emplyeed,2
2023/05/30 10:55:40 PM GMT+6,250,Manager,0.5,3,medium,0.5,Emplyeed,2
2023/05/30 10:57:15 PM GMT+6,250,Software Engineering,0.4,2,medium,0.5,Emplyeed,3
2023/05/30 10:58:06 PM GMT+6,250,Software Engineering,0.5,5,medium,0.6,Emplyeed,3
2023/05/31 12:27:55 AM GMT+6,270,Software Engineering,0.5,4,low,0.4,Left,3
2023/05/31 12:28:28 AM GMT+6,300,Engineering,0.5,3,medium,0.5,Left,2
2023/05/31 12:29:13 AM GMT+6,200,IT,0.5,2,medium,0.5,Emplyeed,3
2023/05/31 12:30:07 AM GMT+6,250,IT,0.4,2,medium,0.5,Left,2
2023/05/31 12:30:36 AM GMT+6,270,Manager,0.4,3,medium,0.5,Emplyeed,4
2023/05/31 12:31:05 AM GMT+6,270,production,0.6,6,high,0.7,Emplyeed,4
2023/05/31 12:32:08 AM GMT+6,270,Engineering,0.6,4,medium,0.4,Left,3
2023/05/31 12:35:05 AM GMT+6,250,Software Engineering,0.5,3,medium,0.4,Left,2
2023/05/31 12:35:41 AM GMT+6,250,Manager,0.5,2,medium,0.4,Left,3
2023/05/31 3:54:16 PM GMT+6,250,sales,0.7,6,high,0.78,Emplyeed,3
2023/05/31 4:03:57 PM GMT+6,270,Software Engineering,0.6,3,medium,0.6,Emplyeed,3
2023/05/31 4:04:19 PM GMT+6,270,Software Engineering,0.6,3,medium,0.6,Emplyeed,3
2023/05/31 4:08:08 PM GMT+6,270,Software Engineering,0.6,3,medium,0.6,Emplyeed,3
2023/05/31 4:08:13 PM GMT+6,270,Software Engineering,0.6,3,medium,0.6,Emplyeed,3
2023/05/31 4:08:17 PM GMT+6,270,Software Engineering,0.6,3,medium,0.6,Emplyeed,3
2023/05/31 4:08:22 PM GMT+6,270,Software Engineering,0.6,3,medium,0.6,Emplyeed,3
2023/05/31 4:08:27 PM GMT+6,270,Software Engineering,0.6,3,medium,0.6,Emplyeed,3
2023/05/31 4:08:36 PM GMT+6,270,Software Engineering,0.6,3,medium,0.6,Emplyeed,3
2023/05/31 4:08:42 PM GMT+6,270,Software Engineering,0.6,3,medium,0.6,Emplyeed,3
2023/05/31 4:08:47 PM GMT+6,270,Software Engineering,0.6,3,medium,0.6,Emplyeed,3
2023/05/31 4:08:52 PM GMT+6,270,Software Engineering,0.6,3,medium,0.6,Emplyeed,3
2023/05/31 4:08:56 PM GMT+6,270,Software Engineering,0.6,3,medium,0.6,Emplyeed,3
2023/05/31 4:15:30 PM GMT+6,270,Software Engineering,0.6,3,medium,0.6,Emplyeed,3
2023/05/31 5:40:04 PM GMT+6,250,production,0.5,5,medium,0.5,Emplyeed,3
2023/05/31 5:40:08 PM GMT+6,270,Software Engineering,0.9,5,low,0.8,Emplyeed,5
2023/05/31 5:40:11 PM GMT+6,250,Software Engineering,0.3,3,low,0.7,Left,7
2023/05/31 5:40:15 PM GMT+6,250,Finance,0.6,7,high,0.5,Emplyeed,3
2023/05/31 5:40:19 PM GMT+6,300,production,0.4,7,low,0.8,Emplyeed,3
2023/05/31 5:40:22 PM GMT+6,300,Software Engineering,0.5,4,high,0.2,Emplyeed,5
2023/05/31 5:40:26 PM GMT+6,200,Manager,0.4,6,high,0.6,Emplyeed,5
2023/05/31 5:40:30 PM GMT+6,270,sales,0.9,6,medium,0.6,Emplyeed,5
2023/05/31 5:40:33 PM GMT+6,250,Manager,0.8,3,medium,0.3,Emplyeed,1
2023/05/31 5:40:37 PM GMT+6,270,Software Engineering,0.6,3,low,0.2,Emplyeed,7
2023/05/31 5:40:41 PM GMT+6,270,production,0.6,3,low,0.4,Emplyeed,2
2023/05/31 5:40:45 PM GMT+6,220,Manager,0.9,2,low,0.1,Emplyeed,6
2023/05/31 5:40:48 PM GMT+6,250,Engineering,0.5,4,high,0.1,Emplyeed,5
2023/05/31 5:40:52 PM GMT+6,270,Engineering,0.3,5,medium,0.3,Left,6
2023/05/31 5:40:55 PM GMT+6,250,Finance,0.3,3,low,0.2,Left,3
2023/05/31 5:40:59 PM GMT+6,220,IT,0.9,2,low,0.5,Emplyeed,1
2023/05/31 5:41:03 PM GMT+6,220,sales,0.1,5,medium,0.2,Left,3
2023/05/31 5:41:06 PM GMT+6,220,IT,0.8,1,high,0.2,Emplyeed,2
2023/05/31 5:41:10 PM GMT+6,220,Engineering,0.8,2,high,0.5,Emplyeed,4
2023/05/31 5:41:13 PM GMT+6,300,Finance,0.3,2,medium,0.9,Left,2
2023/05/31 5:41:17 PM GMT+6,220,sales,0.9,6,medium,0.3,Emplyeed,5
2023/05/31 5:41:21 PM GMT+6,200,Engineering,0.8,3,medium,0.3,Emplyeed,2
2023/05/31 5:41:24 PM GMT+6,200,IT,0.5,1,low,0.1,Emplyeed,5
2023/05/31 5:41:28 PM GMT+6,200,production,0.7,3,high,0.2,Emplyeed,1
2023/05/31 5:41:32 PM GMT+6,220,Manager,0.4,1,medium,0.1,Emplyeed,3
2023/05/31 5:41:35 PM GMT+6,270,Engineering,0.8,5,medium,0.3,Emplyeed,4
2023/05/31 5:41:39 PM GMT+6,270,production,0.1,2,low,0.1,Left,6
2023/05/31 5:41:42 PM GMT+6,270,IT,0.7,4,high,0.6,Emplyeed,4
2023/05/31 5:41:45 PM GMT+6,220,sales,0.9,6,medium,0.4,Emplyeed,3
2023/05/31 5:41:49 PM GMT+6,220,IT,0.7,4,high,0.8,Emplyeed,2
2023/05/31 5:41:53 PM GMT+6,220,sales,0.5,7,high,0.1,Emplyeed,2
2023/05/31 5:41:57 PM GMT+6,200,IT,0.1,3,high,0.4,Left,5
2023/05/31 5:42:00 PM GMT+6,220,sales,0.9,6,medium,0.4,Emplyeed,7
2023/05/31 5:42:04 PM GMT+6,250,production,0.3,5,medium,0.3,Left,4
2023/05/31 5:42:07 PM GMT+6,220,Manager,0.5,2,low,0.4,Emplyeed,7
2023/05/31 5:42:11 PM GMT+6,300,sales,0.3,5,high,0.1,Left,6
2023/05/31 5:42:14 PM GMT+6,300,sales,0.1,2,low,0.9,Left,1
2023/05/31 5:42:18 PM GMT+6,200,Manager,0.2,1,low,0.5,Left,6
2023/05/31 5:42:21 PM GMT+6,270,production,0.9,1,high,0.1,Emplyeed,2
2023/05/31 5:42:25 PM GMT+6,220,Manager,0.6,3,high,0.5,Emplyeed,3
2023/05/31 5:42:28 PM GMT+6,270,Software Engineering,0.8,2,high,0.4,Emplyeed,7
2023/05/31 5:42:32 PM GMT+6,270,sales,0.6,1,medium,0.2,Emplyeed,3
2023/05/31 5:42:35 PM GMT+6,300,Engineering,0.5,4,medium,0.7,Emplyeed,4
2023/05/31 5:42:39 PM GMT+6,300,Finance,0.8,4,low,0.2,Emplyeed,6
2023/05/31 5:42:42 PM GMT+6,220,Software Engineering,0.5,3,low,0.8,Emplyeed,3
2023/05/31 5:42:46 PM GMT+6,200,sales,0.1,5,low,0.4,Left,2
2023/05/31 5:42:49 PM GMT+6,300,production,0.1,1,medium,0.7,Left,1
2023/05/31 5:42:52 PM GMT+6,250,Software Engineering,0.6,6,low,0.4,Emplyeed,4
2023/05/31 5:42:56 PM GMT+6,270,production,0.2,5,high,0.9,Left,6
2023/05/31 5:42:59 PM GMT+6,250,Engineering,0.4,2,high,0.7,Emplyeed,1
2023/05/31 5:43:03 PM GMT+6,250,production,0.8,1,medium,0.6,Emplyeed,3
2023/05/31 5:43:07 PM GMT+6,300,Manager,0.4,2,low,0.7,Emplyeed,5
2023/05/31 5:43:10 PM GMT+6,270,IT,0.6,6,low,0.1,Emplyeed,2
2023/05/31 5:43:15 PM GMT+6,270,IT,0.1,2,high,0.1,Left,7
2023/05/31 5:43:21 PM GMT+6,220,production,0.7,2,medium,0.5,Emplyeed,6
2023/05/31 5:43:25 PM GMT+6,220,Software Engineering,0.9,3,medium,0.5,Emplyeed,3
2023/05/31 5:43:29 PM GMT+6,270,Finance,0.2,4,high,0.7,Left,6
2023/05/31 5:43:33 PM GMT+6,250,Engineering,0.3,2,low,0.2,Left,5
2023/05/31 5:43:37 PM GMT+6,200,Finance,0.5,7,high,0.8,Emplyeed,2
2023/05/31 5:43:43 PM GMT+6,200,Manager,0.2,7,low,0.5,Left,3
2023/05/31 5:43:49 PM GMT+6,200,Software Engineering,0.4,6,low,0.9,Emplyeed,1
2023/05/31 5:43:53 PM GMT+6,220,Software Engineering,0.9,1,medium,0.8,Emplyeed,2
2023/05/31 5:43:56 PM GMT+6,220,IT,0.1,3,low,0.7,Left,5
2023/05/31 5:44:00 PM GMT+6,300,IT,0.3,5,high,0.1,Left,4
2023/05/31 5:44:04 PM GMT+6,220,production,0.6,2,medium,0.5,Emplyeed,6
2023/05/31 5:44:07 PM GMT+6,250,Manager,0.2,2,low,0.3,Left,2
2023/05/31 5:44:10 PM GMT+6,270,production,0.6,6,high,0.2,Emplyeed,1
2023/05/31 5:44:14 PM GMT+6,250,production,0.1,5,low,0.6,Left,5
2023/05/31 5:44:18 PM GMT+6,220,IT,0.1,3,medium,0.4,Left,4
2023/05/31 5:44:21 PM GMT+6,270,Software Engineering,0.9,2,medium,0.6,Emplyeed,2
2023/05/31 5:44:25 PM GMT+6,200,sales,0.8,7,high,0.5,Emplyeed,4
2023/05/31 5:44:29 PM GMT+6,250,sales,0.8,7,high,0.4,Emplyeed,4
2023/05/31 5:44:32 PM GMT+6,300,production,0.9,5,medium,0.1,Emplyeed,7
2023/05/31 5:44:36 PM GMT+6,200,sales,0.1,1,medium,0.6,Left,7
2023/05/31 5:44:40 PM GMT+6,300,Engineering,0.7,6,low,0.2,Emplyeed,6
2023/05/31 5:44:43 PM GMT+6,250,sales,0.8,4,low,0.8,Emplyeed,2
2023/05/31 5:44:47 PM GMT+6,250,production,0.9,6,low,0.4,Emplyeed,4
2023/05/31 5:44:50 PM GMT+6,200,IT,0.2,4,low,0.6,Left,6
2023/05/31 5:44:54 PM GMT+6,220,Manager,0.4,7,high,0.7,Emplyeed,4
2023/05/31 5:44:58 PM GMT+6,220,IT,0.9,3,high,0.6,Emplyeed,6
2023/05/31 5:45:02 PM GMT+6,200,IT,0.9,1,medium,0.5,Emplyeed,3
2023/05/31 5:45:05 PM GMT+6,200,Software Engineering,0.2,4,medium,0.4,Left,7
2023/05/31 5:45:09 PM GMT+6,220,Manager,0.4,7,low,0.9,Emplyeed,1
2023/05/31 5:45:12 PM GMT+6,220,production,0.1,2,low,0.2,Left,3
2023/05/31 5:45:16 PM GMT+6,200,Finance,0.6,5,low,0.5,Emplyeed,2
2023/05/31 5:45:19 PM GMT+6,200,Manager,0.1,7,low,0.2,Left,7
2023/05/31 5:45:23 PM GMT+6,250,Finance,0.6,6,high,0.3,Emplyeed,4
2023/05/31 5:45:26 PM GMT+6,200,Software Engineering,0.4,7,high,0.6,Emplyeed,4
2023/05/31 5:45:29 PM GMT+6,270,production,0.4,7,medium,0.6,Emplyeed,2
2023/05/31 5:45:33 PM GMT+6,250,sales,0.9,1,low,0.6,Emplyeed,7
2023/05/31 5:45:36 PM GMT+6,270,sales,0.3,2,high,0.7,Left,7
2023/05/31 5:45:40 PM GMT+6,220,production,0.6,3,low,0.5,Emplyeed,1
2023/05/31 5:45:43 PM GMT+6,220,Finance,0.1,4,high,0.3,Left,1
2023/05/31 5:45:47 PM GMT+6,200,Manager,0.3,5,low,0.8,Left,6
2023/05/31 5:45:50 PM GMT+6,300,IT,0.8,1,low,0.7,Emplyeed,2
2023/05/31 5:45:54 PM GMT+6,250,Engineering,0.9,2,medium,0.7,Emplyeed,7
2023/05/31 5:45:57 PM GMT+6,300,production,0.4,7,low,0.2,Emplyeed,3
2023/05/31 5:46:01 PM GMT+6,270,Software Engineering,0.8,1,medium,0.2,Emplyeed,1
2023/05/31 5:46:04 PM GMT+6,300,Manager,0.1,5,low,0.3,Left,4
2023/05/31 5:46:08 PM GMT+6,270,Engineering,0.7,6,medium,0.5,Emplyeed,6
2023/05/31 5:46:11 PM GMT+6,200,sales,0.2,6,high,0.4,Left,6
2023/05/31 5:46:15 PM GMT+6,270,sales,0.3,1,high,0.5,Left,3
2023/05/31 5:46:18 PM GMT+6,200,Software Engineering,0.8,7,high,0.6,Emplyeed,5
2023/05/31 5:46:22 PM GMT+6,270,sales,0.3,3,high,0.1,Left,1
2023/05/31 5:46:25 PM GMT+6,270,Finance,0.2,4,high,0.3,Left,6
2023/05/31 5:46:29 PM GMT+6,200,sales,0.8,4,low,0.3,Emplyeed,7
2023/05/31 5:46:32 PM GMT+6,250,IT,0.7,6,medium,0.9,Emplyeed,5
2023/05/31 5:46:36 PM GMT+6,270,sales,0.2,1,low,0.3,Left,4
2023/05/31 5:46:39 PM GMT+6,270,Manager,0.7,5,low,0.4,Emplyeed,2
2023/05/31 5:46:43 PM GMT+6,250,sales,0.8,6,high,0.7,Emplyeed,5
2023/05/31 5:46:46 PM GMT+6,220,Manager,0.2,5,high,0.6,Left,7
2023/05/31 5:46:49 PM GMT+6,300,sales,0.4,6,medium,0.4,Emplyeed,7
2023/05/31 5:46:53 PM GMT+6,300,sales,0.9,4,low,0.4,Emplyeed,6
2023/05/31 5:46:56 PM GMT+6,250,Software Engineering,0.9,6,high,0.3,Emplyeed,1
2023/05/31 5:47:00 PM GMT+6,250,Engineering,0.9,1,low,0.1,Emplyeed,6
2023/05/31 5:47:03 PM GMT+6,250,Manager,0.4,3,low,0.7,Emplyeed,2
2023/05/31 5:47:06 PM GMT+6,220,production,0.7,5,high,0.2,Emplyeed,7
2023/05/31 5:47:10 PM GMT+6,250,production,0.3,5,high,0.1,Left,6
2023/05/31 5:47:13 PM GMT+6,250,sales,0.4,1,low,0.3,Emplyeed,6
2023/05/31 5:47:16 PM GMT+6,220,Finance,0.2,3,low,0.2,Left,6
2023/05/31 5:47:20 PM GMT+6,220,Software Engineering,0.1,3,medium,0.4,Left,1
2023/05/31 5:47:24 PM GMT+6,270,production,0.6,4,high,0.6,Emplyeed,7
2023/05/31 5:47:27 PM GMT+6,250,sales,0.7,2,low,0.7,Emplyeed,7
2023/05/31 5:47:31 PM GMT+6,250,Finance,0.6,6,medium,0.1,Emplyeed,2
2023/05/31 5:47:34 PM GMT+6,220,Engineering,0.2,5,high,0.9,Left,3
2023/05/31 5:47:38 PM GMT+6,300,Manager,0.7,5,medium,0.1,Emplyeed,5
2023/05/31 5:47:42 PM GMT+6,200,Finance,0.1,6,low,0.7,Left,4
2023/05/31 5:47:45 PM GMT+6,270,production,0.8,1,medium,0.2,Emplyeed,6
2023/05/31 5:47:48 PM GMT+6,250,Engineering,0.9,7,high,0.4,Emplyeed,1
2023/05/31 5:47:52 PM GMT+6,270,Software Engineering,0.8,5,low,0.3,Emplyeed,1
2023/05/31 5:47:55 PM GMT+6,270,production,0.9,7,medium,0.1,Emplyeed,1
2023/05/31 5:47:59 PM GMT+6,200,IT,0.4,3,medium,0.5,Emplyeed,4
2023/05/31 5:48:03 PM GMT+6,200,Manager,0.8,6,low,0.9,Emplyeed,7
2023/05/31 5:48:06 PM GMT+6,300,Manager,0.8,3,low,0.5,Emplyeed,3
2023/05/31 5:48:10 PM GMT+6,200,Manager,0.8,7,medium,0.3,Emplyeed,6
2023/05/31 5:48:13 PM GMT+6,220,Software Engineering,0.1,2,low,0.8,Left,4
2023/05/31 5:48:17 PM GMT+6,200,Finance,0.8,1,low,0.2,Emplyeed,5
2023/05/31 5:48:20 PM GMT+6,220,Software Engineering,0.3,3,medium,0.5,Left,5
2023/05/31 5:48:24 PM GMT+6,200,Manager,0.9,3,medium,0.6,Emplyeed,7
2023/05/31 5:48:27 PM GMT+6,300,IT,0.4,1,medium,0.2,Emplyeed,3
2023/05/31 5:48:31 PM GMT+6,270,Engineering,0.8,3,medium,0.4,Emplyeed,3
2023/05/31 5:48:34 PM GMT+6,250,Manager,0.7,1,low,0.3,Emplyeed,7
2023/05/31 5:48:38 PM GMT+6,250,Engineering,0.5,4,medium,0.1,Emplyeed,2
2023/05/31 5:48:41 PM GMT+6,220,Finance,0.8,6,medium,0.2,Emplyeed,7
2023/05/31 5:48:45 PM GMT+6,300,Finance,0.4,5,high,0.2,Emplyeed,7
2023/05/31 5:48:48 PM GMT+6,200,sales,0.3,2,medium,0.9,Left,4
2023/05/31 5:48:51 PM GMT+6,200,Engineering,0.9,5,medium,0.2,Emplyeed,4
2023/05/31 5:48:54 PM GMT+6,300,Manager,0.8,7,low,0.6,Emplyeed,3
2023/05/31 5:48:58 PM GMT+6,270,production,0.7,5,medium,0.7,Emplyeed,2
2023/05/31 5:49:01 PM GMT+6,300,production,0.9,1,low,0.6,Emplyeed,2
2023/05/31 5:49:05 PM GMT+6,200,Manager,0.1,7,medium,0.4,Left,7
2023/05/31 5:51:29 PM GMT+6,200,Finance,0.4,7,low,0.2,Emplyeed,3
2023/05/31 5:51:32 PM GMT+6,270,production,0.4,1,high,0.5,Emplyeed,1
2023/05/31 5:51:34 PM GMT+6,220,production,0.1,7,low,0.3,Left,1
2023/05/31 5:51:37 PM GMT+6,220,Finance,0.2,7,low,0.7,Left,1
2023/05/31 5:51:39 PM GMT+6,300,production,0.2,3,low,0.9,Left,5
2023/05/31 5:51:41 PM GMT+6,220,production,0.9,1,medium,0.8,Emplyeed,3
2023/05/31 5:51:44 PM GMT+6,300,sales,0.8,6,medium,0.7,Emplyeed,6
2023/05/31 5:51:46 PM GMT+6,300,sales,0.1,6,high,0.2,Left,4
2023/05/31 5:52:02 PM GMT+6,220,Engineering,0.1,3,medium,0.4,Left,6
2023/05/31 5:52:05 PM GMT+6,300,Software Engineering,0.1,4,low,0.1,Left,5
2023/05/31 5:52:07 PM GMT+6,200,IT,0.5,1,low,0.1,Emplyeed,4
2023/05/31 5:52:21 PM GMT+6,270,Manager,0.1,3,high,0.5,Left,6
2023/05/31 5:52:23 PM GMT+6,250,production,0.5,4,medium,0.5,Emplyeed,3
2023/05/31 5:52:25 PM GMT+6,270,Software Engineering,0.3,2,medium,0.9,Left,4
2023/05/31 5:52:28 PM GMT+6,250,Manager,0.5,6,low,0.8,Emplyeed,3
2023/05/31 5:52:30 PM GMT+6,300,production,0.8,7,low,0.8,Emplyeed,1
2023/05/31 5:52:32 PM GMT+6,220,Manager,0.5,1,medium,0.7,Emplyeed,1
2023/05/31 5:52:35 PM GMT+6,220,sales,0.8,6,low,0.6,Emplyeed,2
2023/05/31 5:52:38 PM GMT+6,250,production,0.7,7,low,0.1,Emplyeed,5
2023/05/31 5:52:41 PM GMT+6,220,Manager,0.3,7,medium,0.4,Left,3
2023/05/31 5:52:43 PM GMT+6,220,IT,0.9,5,low,0.6,Emplyeed,7
2023/05/31 5:52:47 PM GMT+6,250,sales,0.4,1,high,0.7,Emplyeed,2
2023/05/31 5:52:50 PM GMT+6,220,Software Engineering,0.4,5,medium,0.5,Emplyeed,6
2023/05/31 5:52:53 PM GMT+6,200,Finance,0.9,5,high,0.4,Emplyeed,6
2023/05/31 5:52:57 PM GMT+6,300,sales,0.6,7,high,0.1,Emplyeed,1
2023/05/31 5:53:00 PM GMT+6,300,Engineering,0.5,7,medium,0.6,Emplyeed,7
2023/05/31 5:53:02 PM GMT+6,300,production,0.3,2,low,0.5,Left,2
2023/05/31 5:53:05 PM GMT+6,270,Finance,0.5,5,low,0.9,Emplyeed,4
2023/05/31 5:53:07 PM GMT+6,200,IT,0.4,3,low,0.5,Emplyeed,1
2023/05/31 5:53:10 PM GMT+6,250,Finance,0.5,6,low,0.2,Emplyeed,7
2023/05/31 5:53:12 PM GMT+6,300,Engineering,0.6,5,high,0.6,Emplyeed,1
2023/05/31 5:53:15 PM GMT+6,300,Engineering,0.2,6,medium,0.5,Left,2
2023/05/31 5:53:17 PM GMT+6,250,Software Engineering,0.5,6,low,0.7,Emplyeed,6
2023/05/31 5:53:20 PM GMT+6,200,sales,0.1,2,low,0.3,Left,4
2023/05/31 5:53:22 PM GMT+6,220,Software Engineering,0.3,7,medium,0.2,Left,1
2023/05/31 5:53:25 PM GMT+6,220,sales,0.3,3,medium,0.4,Left,4
2023/05/31 5:53:27 PM GMT+6,200,Manager,0.4,4,medium,0.4,Emplyeed,2
2023/05/31 5:53:30 PM GMT+6,200,Engineering,0.6,4,low,0.8,Emplyeed,5
2023/05/31 5:53:32 PM GMT+6,250,sales,0.1,1,medium,0.5,Left,6
2023/05/31 5:53:34 PM GMT+6,250,Software Engineering,0.3,7,low,0.5,Left,2
2023/05/31 5:53:37 PM GMT+6,220,Engineering,0.5,2,low,0.2,Emplyeed,6
2023/05/31 5:53:40 PM GMT+6,270,production,0.2,6,high,0.1,Left,1
2023/05/31 5:53:42 PM GMT+6,250,Software Engineering,0.5,4,high,0.6,Emplyeed,2
2023/05/31 5:53:45 PM GMT+6,200,IT,0.7,5,low,0.3,Emplyeed,2
2023/05/31 5:53:47 PM GMT+6,250,IT,0.2,7,low,0.5,Left,4
2023/05/31 5:53:49 PM GMT+6,220,Manager,0.7,4,high,0.7,Emplyeed,4
2023/05/31 5:53:52 PM GMT+6,300,Manager,0.2,7,high,0.6,Left,2
2023/05/31 5:53:54 PM GMT+6,200,sales,0.2,1,medium,0.1,Left,4
2023/05/31 5:53:57 PM GMT+6,270,IT,0.7,7,high,0.2,Emplyeed,5
2023/05/31 5:53:59 PM GMT+6,250,Finance,0.8,2,low,0.8,Emplyeed,3
2023/05/31 5:54:01 PM GMT+6,250,Engineering,0.4,3,high,0.9,Emplyeed,1
2023/05/31 5:54:04 PM GMT+6,200,Manager,0.7,5,low,0.4,Emplyeed,7
2023/05/31 5:54:06 PM GMT+6,270,Engineering,0.8,2,high,0.4,Emplyeed,6
2023/05/31 5:54:08 PM GMT+6,270,Manager,0.6,2,medium,0.4,Emplyeed,2
2023/05/31 5:54:11 PM GMT+6,300,sales,0.6,2,high,0.5,Emplyeed,2
2023/05/31 5:54:13 PM GMT+6,300,IT,0.6,2,high,0.5,Emplyeed,2
2023/05/31 5:54:16 PM GMT+6,220,Manager,0.1,5,low,0.1,Left,1
2023/05/31 5:54:18 PM GMT+6,200,IT,0.4,1,medium,0.1,Emplyeed,7
2023/05/31 5:54:21 PM GMT+6,270,sales,0.2,6,low,0.3,Left,1
2023/05/31 5:54:23 PM GMT+6,220,sales,0.8,4,medium,0.2,Emplyeed,5
2023/05/31 5:54:25 PM GMT+6,270,Finance,0.8,4,medium,0.7,Emplyeed,2
2023/05/31 5:54:28 PM GMT+6,300,Engineering,0.5,1,low,0.3,Emplyeed,6
2023/05/31 5:54:30 PM GMT+6,250,Software Engineering,0.5,4,high,0.6,Emplyeed,3
2023/05/31 5:54:33 PM GMT+6,200,Software Engineering,0.1,2,high,0.5,Left,7
2023/05/31 5:54:35 PM GMT+6,300,sales,0.6,4,high,0.1,Emplyeed,3
2023/05/31 5:54:37 PM GMT+6,220,Engineering,0.6,5,low,0.8,Emplyeed,2
2023/05/31 5:54:40 PM GMT+6,200,IT,0.6,3,medium,0.6,Emplyeed,2
2023/05/31 5:54:43 PM GMT+6,220,production,0.5,6,low,0.7,Emplyeed,3
2023/05/31 5:54:45 PM GMT+6,220,IT,0.2,5,low,0.9,Left,6
2023/05/31 5:54:48 PM GMT+6,300,Software Engineering,0.8,3,medium,0.1,Emplyeed,3
2023/05/31 5:54:50 PM GMT+6,250,sales,0.2,3,high,0.6,Left,4
2023/05/31 5:54:52 PM GMT+6,250,production,0.8,1,low,0.3,Emplyeed,2
2023/05/31 5:54:54 PM GMT+6,300,IT,0.9,3,medium,0.3,Emplyeed,6
2023/05/31 5:54:56 PM GMT+6,270,IT,0.5,7,low,0.4,Emplyeed,5
2023/05/31 5:54:59 PM GMT+6,270,sales,0.6,3,medium,0.5,Emplyeed,6
2023/05/31 5:55:01 PM GMT+6,300,IT,0.5,3,low,0.9,Emplyeed,3
2023/05/31 5:55:03 PM GMT+6,200,Manager,0.1,1,high,0.5,Left,3
2023/05/31 5:55:06 PM GMT+6,300,Engineering,0.7,4,high,0.7,Emplyeed,5
2023/05/31 5:55:09 PM GMT+6,300,Manager,0.5,7,low,0.9,Emplyeed,3
2023/05/31 5:55:11 PM GMT+6,250,sales,0.9,6,high,0.3,Emplyeed,4
2023/05/31 5:55:13 PM GMT+6,200,sales,0.2,6,high,0.4,Left,5
2023/05/31 5:55:16 PM GMT+6,270,Software Engineering,0.1,1,medium,0.7,Left,1
2023/05/31 5:55:18 PM GMT+6,300,production,0.2,3,high,0.3,Left,3
2023/05/31 5:55:20 PM GMT+6,220,IT,0.3,7,high,0.4,Left,1
2023/05/31 5:55:23 PM GMT+6,250,Manager,0.5,5,medium,0.9,Emplyeed,1
2023/05/31 5:55:25 PM GMT+6,200,Manager,0.8,3,high,0.7,Emplyeed,6
2023/05/31 5:55:28 PM GMT+6,220,production,0.2,3,high,0.7,Left,3
2023/05/31 5:55:30 PM GMT+6,200,Engineering,0.9,4,high,0.7,Emplyeed,7
2023/05/31 5:55:33 PM GMT+6,220,production,0.7,5,low,0.7,Emplyeed,5
2023/05/31 5:55:35 PM GMT+6,300,IT,0.4,2,high,0.2,Emplyeed,3
2023/05/31 5:55:38 PM GMT+6,300,Finance,0.7,6,medium,0.6,Emplyeed,1
2023/05/31 5:55:42 PM GMT+6,200,Manager,0.9,1,high,0.1,Emplyeed,4
2023/05/31 5:55:44 PM GMT+6,300,sales,0.4,4,medium,0.8,Emplyeed,7
2023/05/31 5:55:47 PM GMT+6,250,Engineering,0.6,7,medium,0.4,Emplyeed,6
2023/05/31 5:55:49 PM GMT+6,220,Manager,0.2,6,high,0.7,Left,2
2023/05/31 5:55:52 PM GMT+6,220,IT,0.8,4,medium,0.8,Emplyeed,6
2023/05/31 5:55:54 PM GMT+6,270,Engineering,0.2,1,medium,0.4,Left,2
2023/05/31 5:55:57 PM GMT+6,270,Software Engineering,0.8,2,medium,0.6,Emplyeed,6
2023/05/31 5:56:02 PM GMT+6,220,IT,0.2,1,low,0.7,Left,5
2023/05/31 5:56:05 PM GMT+6,200,Engineering,0.4,1,high,0.6,Emplyeed,1
2023/05/31 5:56:07 PM GMT+6,270,Software Engineering,0.6,1,medium,0.2,Emplyeed,4
2023/05/31 5:56:09 PM GMT+6,270,Software Engineering,0.6,2,low,0.9,Emplyeed,4
2023/05/31 5:56:12 PM GMT+6,270,sales,0.5,2,medium,0.5,Emplyeed,3
2023/05/31 5:56:14 PM GMT+6,220,sales,0.3,3,low,0.7,Left,6
2023/05/31 5:56:16 PM GMT+6,270,sales,0.1,2,low,0.3,Left,5
2023/05/31 5:56:19 PM GMT+6,250,sales,0.6,7,medium,0.9,Emplyeed,4
2023/05/31 5:56:22 PM GMT+6,220,Engineering,0.7,3,high,0.2,Emplyeed,6
2023/05/31 5:56:24 PM GMT+6,220,Finance,0.7,4,low,0.3,Emplyeed,2
2023/05/31 5:56:27 PM GMT+6,270,Software Engineering,0.1,5,high,0.5,Left,4
2023/05/31 5:56:29 PM GMT+6,250,sales,0.1,6,medium,0.4,Left,3
2023/05/31 5:56:32 PM GMT+6,250,sales,0.4,4,medium,0.2,Emplyeed,2
2023/05/31 5:56:34 PM GMT+6,220,Engineering,0.3,3,medium,0.3,Left,3
2023/05/31 5:56:36 PM GMT+6,200,Software Engineering,0.8,7,high,0.6,Emplyeed,6
2023/05/31 5:56:39 PM GMT+6,200,IT,0.7,4,medium,0.1,Emplyeed,2
2023/05/31 5:56:41 PM GMT+6,300,sales,0.4,5,medium,0.3,Emplyeed,3
2023/05/31 5:56:44 PM GMT+6,200,Software Engineering,0.4,3,low,0.4,Emplyeed,2
2023/05/31 5:56:46 PM GMT+6,250,IT,0.3,3,high,0.9,Left,5
2023/05/31 5:56:48 PM GMT+6,250,IT,0.2,4,high,0.1,Left,2
2023/05/31 5:56:51 PM GMT+6,250,sales,0.5,2,high,0.8,Emplyeed,2
2023/05/31 5:56:53 PM GMT+6,220,Software Engineering,0.3,4,high,0.2,Left,6
2023/05/31 5:56:56 PM GMT+6,270,sales,0.4,3,high,0.4,Emplyeed,7
2023/05/31 5:56:58 PM GMT+6,200,Manager,0.1,1,high,0.7,Left,7
2023/05/31 5:57:01 PM GMT+6,270,IT,0.9,6,low,0.8,Emplyeed,3
2023/05/31 5:57:03 PM GMT+6,270,Engineering,0.1,2,high,0.8,Left,5
2023/05/31 5:57:05 PM GMT+6,200,sales,0.4,1,medium,0.9,Emplyeed,7
2023/05/31 5:57:08 PM GMT+6,270,IT,0.9,5,high,0.5,Emplyeed,7
2023/05/31 5:57:10 PM GMT+6,220,production,0.2,2,high,0.6,Left,5
2023/05/31 5:57:13 PM GMT+6,270,IT,0.3,4,high,0.1,Left,6
2023/05/31 5:57:15 PM GMT+6,300,production,0.7,6,high,0.2,Emplyeed,5
2023/05/31 5:57:18 PM GMT+6,220,Engineering,0.5,5,medium,0.4,Emplyeed,4
2023/05/31 5:57:20 PM GMT+6,250,Manager,0.1,4,low,0.7,Left,7
2023/05/31 5:57:23 PM GMT+6,200,IT,0.2,1,medium,0.5,Left,7
2023/05/31 5:57:25 PM GMT+6,200,Finance,0.4,6,low,0.4,Emplyeed,6
2023/05/31 5:57:28 PM GMT+6,270,Finance,0.1,6,high,0.2,Left,5
2023/05/31 5:57:30 PM GMT+6,200,Software Engineering,0.9,3,medium,0.5,Emplyeed,4
2023/05/31 5:57:32 PM GMT+6,200,sales,0.5,3,medium,0.3,Emplyeed,3
2023/05/31 5:57:35 PM GMT+6,250,IT,0.7,1,high,0.4,Emplyeed,6
2023/05/31 5:57:37 PM GMT+6,270,sales,0.8,1,low,0.7,Emplyeed,4
2023/05/31 5:57:40 PM GMT+6,270,production,0.8,5,low,0.4,Emplyeed,7
2023/05/31 5:57:42 PM GMT+6,270,Engineering,0.5,1,high,0.5,Emplyeed,1
2023/05/31 5:57:44 PM GMT+6,250,Manager,0.4,2,low,0.4,Emplyeed,7
2023/05/31 5:57:47 PM GMT+6,250,IT,0.6,6,high,0.2,Emplyeed,4
2023/05/31 5:57:49 PM GMT+6,220,Finance,0.7,5,high,0.2,Emplyeed,3
2023/05/31 5:57:51 PM GMT+6,300,Software Engineering,0.8,5,high,0.9,Emplyeed,7
2023/05/31 5:57:54 PM GMT+6,220,Manager,0.6,6,low,0.9,Emplyeed,3
2023/05/31 5:57:56 PM GMT+6,220,Engineering,0.6,3,low,0.3,Emplyeed,5
2023/05/31 5:57:58 PM GMT+6,250,Engineering,0.5,3,low,0.5,Emplyeed,1
2023/05/31 5:58:00 PM GMT+6,270,sales,0.9,6,medium,0.6,Emplyeed,2
2023/05/31 5:58:03 PM GMT+6,200,Manager,0.2,3,low,0.1,Left,2
2023/05/31 5:58:05 PM GMT+6,300,Manager,0.8,2,low,0.8,Emplyeed,3
2023/05/31 5:58:08 PM GMT+6,300,production,0.7,7,low,0.4,Emplyeed,6
2023/05/31 5:58:10 PM GMT+6,220,sales,0.4,3,medium,0.3,Emplyeed,5
2023/05/31 5:58:13 PM GMT+6,270,Software Engineering,0.3,5,high,0.7,Left,6
2023/05/31 5:58:15 PM GMT+6,250,Engineering,0.8,2,high,0.9,Emplyeed,7
2023/05/31 5:58:18 PM GMT+6,200,Engineering,0.2,6,low,0.7,Left,7
2023/05/31 5:58:20 PM GMT+6,220,Manager,0.6,6,medium,0.9,Emplyeed,5
2023/05/31 5:58:22 PM GMT+6,220,Software Engineering,0.6,1,medium,0.1,Emplyeed,4
2023/05/31 5:58:25 PM GMT+6,300,Engineering,0.4,6,low,0.7,Emplyeed,4
2023/05/31 5:58:27 PM GMT+6,250,Manager,0.6,4,medium,0.4,Emplyeed,6
2023/05/31 5:58:30 PM GMT+6,250,Manager,0.9,6,medium,0.5,Emplyeed,3
2023/05/31 5:58:32 PM GMT+6,270,Software Engineering,0.7,3,low,0.3,Emplyeed,6
2023/05/31 5:58:35 PM GMT+6,220,IT,0.5,1,high,0.5,Emplyeed,3
2023/05/31 5:58:37 PM GMT+6,300,Software Engineering,0.2,3,low,0.6,Left,2
2023/05/31 5:58:39 PM GMT+6,300,IT,0.8,2,low,0.5,Emplyeed,4
2023/05/31 5:58:42 PM GMT+6,250,IT,0.6,1,low,0.7,Emplyeed,4
2023/05/31 5:58:45 PM GMT+6,250,Software Engineering,0.1,5,medium,0.4,Left,6
2023/05/31 5:58:47 PM GMT+6,300,IT,0.9,7,high,0.1,Emplyeed,2
2023/05/31 5:58:50 PM GMT+6,300,sales,0.5,3,high,0.8,Emplyeed,7
2023/05/31 5:58:52 PM GMT+6,270,Engineering,0.7,3,medium,0.2,Emplyeed,2
2023/05/31 5:58:55 PM GMT+6,200,IT,0.7,1,high,0.3,Emplyeed,1
2023/05/31 5:58:57 PM GMT+6,220,Manager,0.1,5,low,0.7,Left,2
2023/05/31 5:59:00 PM GMT+6,200,Finance,0.1,4,medium,0.1,Left,6
2023/05/31 5:59:02 PM GMT+6,220,Software Engineering,0.4,6,high,0.3,Emplyeed,6
2023/05/31 5:59:05 PM GMT+6,200,IT,0.8,7,low,0.2,Emplyeed,2
2023/05/31 5:59:07 PM GMT+6,250,IT,0.7,2,medium,0.7,Emplyeed,7
2023/05/31 5:59:10 PM GMT+6,270,Manager,0.3,1,low,0.4,Left,6
2023/05/31 5:59:12 PM GMT+6,250,production,0.2,2,high,0.1,Left,6
2023/05/31 5:59:15 PM GMT+6,300,Manager,0.2,5,low,0.3,Left,3
2023/05/31 5:59:17 PM GMT+6,220,Finance,0.8,4,high,0.5,Emplyeed,6
2023/05/31 5:59:20 PM GMT+6,300,IT,0.6,5,low,0.7,Emplyeed,3
2023/05/31 5:59:23 PM GMT+6,250,Finance,0.1,6,low,0.2,Left,7
2023/05/31 5:59:26 PM GMT+6,250,Engineering,0.9,1,high,0.9,Emplyeed,4
2023/05/31 5:59:28 PM GMT+6,220,IT,0.7,2,high,0.7,Emplyeed,2
2023/05/31 5:59:30 PM GMT+6,200,Engineering,0.9,2,medium,0.4,Emplyeed,1
2023/05/31 5:59:33 PM GMT+6,220,sales,0.5,3,medium,0.8,Emplyeed,6
2023/05/31 5:59:35 PM GMT+6,220,Software Engineering,0.1,7,high,0.6,Left,3
2023/05/31 5:59:38 PM GMT+6,270,Software Engineering,0.1,2,medium,0.9,Left,4
2023/05/31 5:59:40 PM GMT+6,270,IT,0.4,1,high,0.3,Emplyeed,5
2023/05/31 5:59:43 PM GMT+6,300,IT,0.7,5,low,0.7,Emplyeed,7
2023/05/31 5:59:45 PM GMT+6,220,Manager,0.4,6,low,0.1,Emplyeed,7
2023/05/31 5:59:48 PM GMT+6,250,production,0.5,1,high,0.3,Emplyeed,7
2023/05/31 5:59:51 PM GMT+6,270,IT,0.1,4,low,0.6,Left,3
2023/05/31 5:59:53 PM GMT+6,220,Software Engineering,0.2,7,medium,0.1,Left,2
2023/05/31 5:59:56 PM GMT+6,200,Manager,0.3,4,low,0.1,Left,7
2023/05/31 5:59:58 PM GMT+6,220,IT,0.1,3,low,0.6,Left,3
2023/05/31 6:00:01 PM GMT+6,200,sales,0.4,4,low,0.8,Emplyeed,7
2023/05/31 6:00:03 PM GMT+6,250,production,0.2,7,low,0.5,Left,2
2023/05/31 6:00:06 PM GMT+6,270,Software Engineering,0.3,4,high,0.9,Left,7
2023/05/31 6:00:08 PM GMT+6,300,Finance,0.1,5,low,0.9,Left,1
2023/05/31 6:00:10 PM GMT+6,200,IT,0.9,7,low,0.6,Emplyeed,5
2023/05/31 6:00:13 PM GMT+6,250,Finance,0.4,1,low,0.4,Emplyeed,6
2023/05/31 6:00:15 PM GMT+6,250,Engineering,0.2,6,low,0.5,Left,1
2023/05/31 6:00:18 PM GMT+6,250,Software Engineering,0.1,3,medium,0.9,Left,5
2023/05/31 6:00:20 PM GMT+6,250,Software Engineering,0.1,7,high,0.6,Left,3
2023/05/31 6:00:22 PM GMT+6,270,production,0.6,6,high,0.5,Emplyeed,6
2023/05/31 6:00:25 PM GMT+6,200,IT,0.9,6,low,0.3,Emplyeed,2
2023/05/31 6:00:28 PM GMT+6,250,Engineering,0.7,6,high,0.8,Emplyeed,3
2023/05/31 6:00:30 PM GMT+6,200,Engineering,0.1,6,medium,0.2,Left,3
2023/05/31 6:00:33 PM GMT+6,250,production,0.5,1,high,0.8,Emplyeed,2
2023/05/31 6:00:35 PM GMT+6,200,Engineering,0.2,2,medium,0.8,Left,2
2023/05/31 6:00:38 PM GMT+6,200,Software Engineering,0.7,2,low,0.4,Emplyeed,4
2023/05/31 6:00:40 PM GMT+6,250,Manager,0.4,1,high,0.4,Emplyeed,3
2023/05/31 6:00:43 PM GMT+6,250,IT,0.5,2,low,0.1,Emplyeed,5
2023/05/31 6:00:45 PM GMT+6,220,Engineering,0.4,1,low,0.7,Emplyeed,6
2023/05/31 6:00:48 PM GMT+6,300,Finance,0.2,5,medium,0.9,Left,6
2023/05/31 6:00:51 PM GMT+6,300,production,0.1,4,high,0.8,Left,7
2023/05/31 6:00:53 PM GMT+6,200,Engineering,0.4,5,low,0.5,Emplyeed,7
2023/05/31 6:00:56 PM GMT+6,270,Finance,0.8,1,low,0.7,Emplyeed,6
2023/05/31 6:00:59 PM GMT+6,200,Manager,0.3,1,high,0.7,Left,1
2023/05/31 6:01:01 PM GMT+6,270,IT,0.5,7,low,0.3,Emplyeed,4
2023/05/31 6:01:04 PM GMT+6,270,production,0.6,5,low,0.9,Emplyeed,5
2023/05/31 6:01:06 PM GMT+6,220,Manager,0.1,2,low,0.7,Left,7
2023/05/31 6:01:09 PM GMT+6,220,production,0.9,6,low,0.3,Emplyeed,6
2023/05/31 6:01:12 PM GMT+6,250,Finance,0.7,4,high,0.2,Emplyeed,3
2023/05/31 6:01:14 PM GMT+6,270,Manager,0.3,4,low,0.2,Left,4
2023/05/31 6:01:17 PM GMT+6,300,sales,0.1,6,low,0.8,Left,5
2023/05/31 6:01:20 PM GMT+6,220,IT,0.9,6,medium,0.7,Emplyeed,7
2023/05/31 6:01:22 PM GMT+6,270,sales,0.4,1,low,0.8,Emplyeed,1
2023/05/31 6:01:24 PM GMT+6,270,Engineering,0.7,2,high,0.1,Emplyeed,7
2023/05/31 6:01:27 PM GMT+6,200,IT,0.4,5,medium,0.4,Emplyeed,1
2023/05/31 6:01:29 PM GMT+6,270,Software Engineering,0.9,6,medium,0.4,Emplyeed,1
2023/05/31 6:01:32 PM GMT+6,270,production,0.7,2,medium,0.6,Emplyeed,2
2023/05/31 6:01:34 PM GMT+6,250,Manager,0.4,1,medium,0.1,Emplyeed,5
2023/05/31 6:01:37 PM GMT+6,220,Finance,0.3,2,low,0.6,Left,3
2023/05/31 6:01:40 PM GMT+6,220,Software Engineering,0.5,6,low,0.3,Emplyeed,5
2023/05/31 6:01:42 PM GMT+6,200,IT,0.5,4,low,0.2,Emplyeed,6
2023/05/31 6:01:44 PM GMT+6,250,IT,0.2,5,low,0.6,Left,5
2023/05/31 6:01:47 PM GMT+6,250,Software Engineering,0.3,7,medium,0.3,Left,3
2023/05/31 6:01:50 PM GMT+6,270,Engineering,0.5,2,medium,0.6,Emplyeed,5
2023/05/31 6:01:52 PM GMT+6,270,Software Engineering,0.4,1,low,0.7,Emplyeed,7
2023/05/31 6:01:54 PM GMT+6,300,production,0.5,5,medium,0.2,Emplyeed,7
2023/05/31 6:01:57 PM GMT+6,270,Engineering,0.2,6,low,0.8,Left,3
2023/05/31 6:01:59 PM GMT+6,220,Manager,0.4,2,medium,0.3,Emplyeed,5
2023/05/31 6:02:02 PM GMT+6,250,IT,0.2,6,low,0.5,Left,3
2023/05/31 6:02:04 PM GMT+6,300,sales,0.6,6,medium,0.9,Emplyeed,1
2023/05/31 6:02:06 PM GMT+6,300,sales,0.5,3,low,0.4,Emplyeed,5
2023/05/31 6:02:09 PM GMT+6,200,IT,0.3,4,high,0.5,Left,7
2023/05/31 6:02:11 PM GMT+6,220,production,0.7,7,low,0.9,Emplyeed,7
2023/05/31 6:02:13 PM GMT+6,220,production,0.5,1,low,0.1,Emplyeed,7
2023/05/31 6:02:16 PM GMT+6,250,sales,0.7,7,high,0.3,Emplyeed,3
2023/05/31 6:02:19 PM GMT+6,270,production,0.3,4,medium,0.7,Left,5
2023/05/31 6:02:22 PM GMT+6,270,Manager,0.3,6,medium,0.8,Left,6
2023/05/31 6:02:24 PM GMT+6,220,sales,0.4,2,medium,0.4,Emplyeed,4
2023/05/31 6:02:27 PM GMT+6,300,Manager,0.7,6,medium,0.7,Emplyeed,1
2023/05/31 6:02:29 PM GMT+6,250,sales,0.2,1,medium,0.8,Left,1
2023/05/31 6:02:32 PM GMT+6,300,Engineering,0.3,3,high,0.8,Left,1
2023/05/31 6:02:34 PM GMT+6,270,IT,0.6,6,low,0.5,Emplyeed,7
2023/05/31 6:02:37 PM GMT+6,300,production,0.6,5,low,0.5,Emplyeed,7
2023/05/31 6:02:39 PM GMT+6,270,sales,0.3,1,high,0.5,Left,6
2023/05/31 6:02:41 PM GMT+6,300,sales,0.5,7,high,0.5,Emplyeed,5
2023/05/31 6:02:44 PM GMT+6,250,sales,0.1,1,high,0.6,Left,3
2023/05/31 6:02:47 PM GMT+6,250,Manager,0.9,4,low,0.1,Emplyeed,2
2023/05/31 6:02:49 PM GMT+6,220,IT,0.9,7,high,0.9,Emplyeed,2
2023/05/31 6:02:52 PM GMT+6,250,Engineering,0.3,2,medium,0.5,Left,7
2023/05/31 6:02:54 PM GMT+6,270,sales,0.4,6,high,0.3,Emplyeed,6
2023/05/31 6:02:57 PM GMT+6,300,Engineering,0.7,1,low,0.5,Emplyeed,2
2023/05/31 6:02:59 PM GMT+6,220,Finance,0.4,7,high,0.3,Emplyeed,5
2023/05/31 6:03:02 PM GMT+6,300,production,0.8,6,high,0.5,Emplyeed,1
2023/05/31 6:03:04 PM GMT+6,250,production,0.8,6,high,0.9,Emplyeed,5
2023/05/31 6:03:07 PM GMT+6,200,Engineering,0.2,5,medium,0.1,Left,1
2023/05/31 6:03:10 PM GMT+6,250,Finance,0.3,1,medium,0.1,Left,3
2023/05/31 6:03:12 PM GMT+6,220,Manager,0.9,6,high,0.5,Emplyeed,2
2023/05/31 6:03:15 PM GMT+6,220,production,0.2,3,high,0.2,Left,7
2023/05/31 6:03:17 PM GMT+6,220,IT,0.4,3,low,0.4,Emplyeed,7
2023/05/31 6:03:20 PM GMT+6,250,Software Engineering,0.8,2,high,0.9,Emplyeed,7
2023/05/31 6:03:22 PM GMT+6,300,IT,0.2,3,low,0.6,Left,7
2023/05/31 6:03:25 PM GMT+6,270,Manager,0.9,1,high,0.7,Emplyeed,1
2023/05/31 6:03:27 PM GMT+6,300,Software Engineering,0.9,4,low,0.9,Emplyeed,3
2023/05/31 6:03:29 PM GMT+6,270,Engineering,0.8,2,medium,0.8,Emplyeed,6
2023/05/31 6:03:32 PM GMT+6,270,sales,0.4,4,high,0.7,Emplyeed,2
2023/05/31 6:03:34 PM GMT+6,300,Manager,0.9,3,high,0.1,Emplyeed,3
2023/05/31 6:03:37 PM GMT+6,200,Software Engineering,0.7,3,medium,0.1,Emplyeed,3
2023/05/31 6:03:39 PM GMT+6,220,Manager,0.4,1,high,0.5,Emplyeed,4
2023/05/31 6:03:42 PM GMT+6,270,IT,0.1,6,medium,0.7,Left,5
2023/05/31 6:03:44 PM GMT+6,270,IT,0.9,2,high,0.4,Emplyeed,5
2023/05/31 6:03:46 PM GMT+6,220,production,0.7,5,medium,0.6,Emplyeed,6
2023/05/31 6:03:49 PM GMT+6,250,Software Engineering,0.7,7,low,0.2,Emplyeed,6
2023/05/31 6:03:51 PM GMT+6,220,Software Engineering,0.7,2,low,0.9,Emplyeed,3
2023/05/31 6:03:54 PM GMT+6,250,IT,0.6,6,low,0.5,Emplyeed,1
2023/05/31 6:03:56 PM GMT+6,300,Finance,0.1,6,high,0.3,Left,3
2023/05/31 6:03:58 PM GMT+6,300,Engineering,0.4,7,low,0.2,Emplyeed,1
2023/05/31 6:04:00 PM GMT+6,200,Manager,0.7,2,medium,0.6,Emplyeed,5
2023/05/31 6:04:03 PM GMT+6,270,sales,0.7,3,medium,0.3,Emplyeed,1
2023/05/31 6:04:05 PM GMT+6,200,IT,0.7,4,medium,0.4,Emplyeed,5
2023/05/31 6:04:08 PM GMT+6,270,sales,0.6,3,low,0.4,Emplyeed,4
2023/05/31 6:04:11 PM GMT+6,250,production,0.8,2,medium,0.4,Emplyeed,6
2023/05/31 6:04:13 PM GMT+6,200,production,0.6,3,low,0.3,Emplyeed,2
2023/05/31 6:04:15 PM GMT+6,300,Finance,0.1,4,medium,0.9,Left,4
2023/05/31 6:04:18 PM GMT+6,220,Finance,0.5,3,medium,0.8,Emplyeed,5
2023/05/31 6:04:20 PM GMT+6,300,Manager,0.7,4,medium,0.3,Emplyeed,4
2023/05/31 6:04:22 PM GMT+6,300,Finance,0.6,7,high,0.5,Emplyeed,3
2023/05/31 6:04:25 PM GMT+6,250,production,0.8,1,low,0.1,Emplyeed,7
2023/05/31 6:04:27 PM GMT+6,250,IT,0.5,4,high,0.1,Emplyeed,1
2023/05/31 6:04:29 PM GMT+6,200,Finance,0.4,3,high,0.6,Emplyeed,4
2023/05/31 6:04:32 PM GMT+6,270,Software Engineering,0.4,4,medium,0.2,Emplyeed,2
2023/05/31 6:04:34 PM GMT+6,220,Finance,0.6,6,low,0.9,Emplyeed,2
2023/05/31 6:04:36 PM GMT+6,250,production,0.8,4,high,0.8,Emplyeed,2
2023/05/31 6:04:39 PM GMT+6,250,IT,0.1,6,high,0.3,Left,6
2023/05/31 6:04:41 PM GMT+6,200,sales,0.7,4,high,0.5,Emplyeed,3
2023/05/31 6:04:44 PM GMT+6,250,sales,0.1,5,low,0.8,Left,7
2023/05/31 6:04:47 PM GMT+6,200,production,0.4,4,low,0.8,Emplyeed,4
2023/05/31 6:04:49 PM GMT+6,220,IT,0.2,3,high,0.8,Left,2
2023/05/31 6:04:51 PM GMT+6,220,sales,0.2,3,high,0.9,Left,4
2023/05/31 6:04:54 PM GMT+6,300,Manager,0.4,1,low,0.4,Emplyeed,4
2023/05/31 6:04:56 PM GMT+6,270,Engineering,0.8,1,low,0.8,Emplyeed,6
2023/05/31 6:04:58 PM GMT+6,300,Manager,0.8,7,medium,0.5,Emplyeed,1
2023/05/31 6:05:00 PM GMT+6,270,sales,0.4,7,low,0.8,Emplyeed,5
2023/05/31 6:05:03 PM GMT+6,220,sales,0.6,1,low,0.5,Emplyeed,6
2023/05/31 6:05:05 PM GMT+6,300,Software Engineering,0.7,1,medium,0.5,Emplyeed,4
2023/05/31 6:05:07 PM GMT+6,250,production,0.3,3,high,0.8,Left,5
2023/05/31 6:05:10 PM GMT+6,220,IT,0.5,5,high,0.8,Emplyeed,1
2023/05/31 6:05:12 PM GMT+6,300,Engineering,0.4,2,low,0.1,Emplyeed,6
2023/05/31 6:05:15 PM GMT+6,220,Finance,0.7,5,high,0.5,Emplyeed,6
2023/05/31 6:05:18 PM GMT+6,220,production,0.1,6,high,0.7,Left,3
2023/05/31 6:05:20 PM GMT+6,200,Manager,0.3,3,low,0.4,Left,6
2023/05/31 6:05:22 PM GMT+6,300,IT,0.9,2,high,0.9,Emplyeed,2
2023/05/31 6:05:25 PM GMT+6,250,sales,0.8,3,low,0.6,Emplyeed,2
2023/05/31 6:05:27 PM GMT+6,300,Finance,0.2,6,high,0.5,Left,1
2023/05/31 6:05:29 PM GMT+6,300,Manager,0.2,7,high,0.1,Left,5
2023/05/31 6:05:32 PM GMT+6,220,IT,0.6,7,high,0.5,Emplyeed,7
2023/05/31 6:05:34 PM GMT+6,300,Engineering,0.9,6,high,0.5,Emplyeed,5
2023/05/31 6:05:36 PM GMT+6,220,Finance,0.8,4,low,0.3,Emplyeed,3
2023/05/31 6:05:39 PM GMT+6,200,Manager,0.3,1,high,0.7,Left,6
2023/05/31 6:05:41 PM GMT+6,300,sales,0.6,3,medium,0.5,Emplyeed,6
2023/05/31 6:05:43 PM GMT+6,200,Engineering,0.5,2,high,0.4,Emplyeed,2
2023/05/31 6:05:46 PM GMT+6,270,production,0.5,4,medium,0.9,Emplyeed,5
2023/05/31 6:05:49 PM GMT+6,300,IT,0.9,5,high,0.9,Emplyeed,4
2023/05/31 6:05:51 PM GMT+6,200,IT,0.8,2,high,0.1,Emplyeed,3
2023/05/31 6:05:53 PM GMT+6,300,Manager,0.1,2,medium,0.8,Left,5
2023/05/31 6:05:55 PM GMT+6,220,production,0.3,7,low,0.5,Left,4
2023/05/31 6:05:58 PM GMT+6,270,Manager,0.8,2,high,0.9,Emplyeed,1
2023/05/31 6:06:00 PM GMT+6,270,Finance,0.7,6,high,0.4,Emplyeed,2
2023/05/31 6:06:02 PM GMT+6,250,Software Engineering,0.7,4,low,0.7,Emplyeed,4
2023/05/31 6:06:04 PM GMT+6,300,Finance,0.2,2,medium,0.8,Left,2
2023/05/31 6:06:07 PM GMT+6,250,Software Engineering,0.8,3,high,0.2,Emplyeed,3
2023/05/31 6:06:09 PM GMT+6,220,Engineering,0.2,3,medium,0.1,Left,7
2023/05/31 6:06:11 PM GMT+6,200,IT,0.6,2,low,0.1,Emplyeed,7
2023/05/31 6:06:14 PM GMT+6,250,Software Engineering,0.1,2,high,0.7,Left,7
2023/05/31 6:06:16 PM GMT+6,220,Finance,0.9,4,low,0.8,Emplyeed,7
2023/05/31 6:06:18 PM GMT+6,270,Engineering,0.3,2,medium,0.1,Left,3
2023/05/31 6:06:21 PM GMT+6,270,production,0.7,1,high,0.7,Emplyeed,7
2023/05/31 6:06:23 PM GMT+6,250,Manager,0.9,1,high,0.8,Emplyeed,2
2023/05/31 6:06:26 PM GMT+6,220,Finance,0.5,2,medium,0.3,Emplyeed,7
2023/05/31 6:06:28 PM GMT+6,200,sales,0.3,5,high,0.4,Left,6
2023/05/31 6:06:30 PM GMT+6,270,Engineering,0.5,7,medium,0.3,Emplyeed,5
2023/05/31 6:06:33 PM GMT+6,220,IT,0.9,2,high,0.3,Emplyeed,4
2023/05/31 6:06:35 PM GMT+6,270,Software Engineering,0.9,2,low,0.3,Emplyeed,3
2023/05/31 6:06:38 PM GMT+6,300,Software Engineering,0.7,6,high,0.5,Emplyeed,3
2023/05/31 6:06:40 PM GMT+6,300,Finance,0.3,4,high,0.7,Left,1
2023/05/31 6:06:42 PM GMT+6,300,production,0.8,2,medium,0.8,Emplyeed,1
2023/05/31 6:06:44 PM GMT+6,270,Software Engineering,0.1,4,low,0.2,Left,5
2023/05/31 6:06:47 PM GMT+6,300,production,0.1,1,high,0.2,Left,1
2023/05/31 6:06:49 PM GMT+6,220,Finance,0.5,3,low,0.3,Emplyeed,6
2023/05/31 6:06:52 PM GMT+6,200,production,0.5,4,low,0.4,Emplyeed,7
2023/05/31 6:06:54 PM GMT+6,300,production,0.5,2,high,0.4,Emplyeed,6
2023/05/31 6:06:57 PM GMT+6,220,IT,0.1,4,high,0.3,Left,6
2023/05/31 6:06:59 PM GMT+6,270,production,0.3,6,low,0.2,Left,7
2023/05/31 6:07:02 PM GMT+6,270,Software Engineering,0.9,4,high,0.5,Emplyeed,4
2023/05/31 6:07:04 PM GMT+6,300,Finance,0.8,1,low,0.7,Emplyeed,7
2023/05/31 6:07:06 PM GMT+6,200,Finance,0.9,2,high,0.7,Emplyeed,4
2023/05/31 6:07:08 PM GMT+6,220,production,0.7,5,low,0.3,Emplyeed,1
2023/05/31 6:07:11 PM GMT+6,250,Engineering,0.3,2,medium,0.2,Left,7
2023/05/31 6:07:13 PM GMT+6,270,Finance,0.4,4,high,0.7,Emplyeed,5
2023/05/31 6:07:16 PM GMT+6,300,Manager,0.1,3,low,0.5,Left,1
2023/05/31 6:07:18 PM GMT+6,220,Finance,0.1,5,high,0.2,Left,2
2023/05/31 6:07:21 PM GMT+6,200,sales,0.2,5,medium,0.3,Left,4
2023/05/31 6:07:23 PM GMT+6,250,Finance,0.3,3,high,0.8,Left,7
2023/05/31 6:07:25 PM GMT+6,250,Software Engineering,0.3,1,high,0.7,Left,3
2023/05/31 6:07:28 PM GMT+6,300,IT,0.2,3,medium,0.4,Left,4
2023/05/31 6:07:30 PM GMT+6,270,production,0.6,5,high,0.2,Emplyeed,4
2023/05/31 6:07:33 PM GMT+6,300,sales,0.1,3,high,0.7,Left,3
2023/05/31 6:07:35 PM GMT+6,200,Manager,0.5,3,low,0.3,Emplyeed,4
2023/05/31 6:07:38 PM GMT+6,270,Engineering,0.4,1,high,0.6,Emplyeed,7
2023/05/31 6:07:40 PM GMT+6,220,sales,0.5,4,medium,0.2,Emplyeed,4
2023/05/31 6:07:43 PM GMT+6,200,IT,0.1,3,low,0.2,Left,5
2023/05/31 6:07:45 PM GMT+6,200,Engineering,0.1,7,low,0.9,Left,7
2023/05/31 6:07:47 PM GMT+6,250,Engineering,0.7,7,high,0.7,Emplyeed,4
2023/05/31 6:07:50 PM GMT+6,200,Finance,0.1,3,medium,0.5,Left,3
2023/05/31 6:07:52 PM GMT+6,300,Engineering,0.1,6,medium,0.9,Left,2
2023/05/31 6:07:55 PM GMT+6,270,Engineering,0.6,7,high,0.3,Emplyeed,1
2023/05/31 6:07:57 PM GMT+6,220,production,0.8,4,low,0.7,Emplyeed,2
2023/05/31 6:07:59 PM GMT+6,270,Finance,0.9,4,high,0.5,Emplyeed,2
2023/05/31 6:08:02 PM GMT+6,270,production,0.7,1,high,0.8,Emplyeed,6
2023/05/31 6:08:04 PM GMT+6,270,sales,0.7,2,low,0.7,Emplyeed,3
2023/05/31 6:08:06 PM GMT+6,270,IT,0.7,6,high,0.1,Emplyeed,6
2023/05/31 6:08:08 PM GMT+6,200,Engineering,0.6,4,medium,0.7,Emplyeed,1
2023/05/31 6:08:11 PM GMT+6,200,Software Engineering,0.2,4,low,0.9,Left,4
2023/05/31 6:08:13 PM GMT+6,200,sales,0.2,1,medium,0.7,Left,6
2023/05/31 6:08:16 PM GMT+6,200,IT,0.6,5,medium,0.3,Emplyeed,4
2023/05/31 6:08:18 PM GMT+6,200,Engineering,0.5,3,low,0.6,Emplyeed,1
2023/05/31 6:08:20 PM GMT+6,220,Finance,0.5,2,medium,0.1,Emplyeed,1
2023/05/31 6:08:23 PM GMT+6,270,Manager,0.8,5,low,0.3,Emplyeed,2
2023/05/31 6:08:26 PM GMT+6,250,sales,0.4,7,medium,0.5,Emplyeed,1
2023/05/31 6:08:28 PM GMT+6,250,sales,0.8,6,medium,0.1,Emplyeed,6
2023/05/31 6:08:30 PM GMT+6,270,IT,0.1,4,high,0.9,Left,5
2023/05/31 6:08:32 PM GMT+6,200,Manager,0.5,6,high,0.9,Emplyeed,5
2023/05/31 6:08:35 PM GMT+6,300,sales,0.8,5,medium,0.8,Emplyeed,6
2023/05/31 6:08:37 PM GMT+6,250,Software Engineering,0.6,3,high,0.6,Emplyeed,6
2023/05/31 6:08:39 PM GMT+6,200,Finance,0.4,2,low,0.8,Emplyeed,6
2023/05/31 6:08:42 PM GMT+6,250,IT,0.7,2,high,0.1,Emplyeed,5
2023/05/31 6:08:44 PM GMT+6,220,IT,0.1,3,medium,0.6,Left,5
2023/05/31 6:08:46 PM GMT+6,300,IT,0.6,7,medium,0.8,Emplyeed,5
2023/05/31 6:08:49 PM GMT+6,220,Engineering,0.4,3,medium,0.8,Emplyeed,3
2023/05/31 6:08:52 PM GMT+6,270,Finance,0.3,6,high,0.6,Left,1
2023/05/31 6:08:54 PM GMT+6,270,Engineering,0.5,3,medium,0.8,Emplyeed,7
2023/05/31 6:08:57 PM GMT+6,250,Finance,0.2,6,low,0.9,Left,5
2023/05/31 6:08:59 PM GMT+6,250,IT,0.5,6,high,0.4,Emplyeed,7
2023/05/31 6:09:02 PM GMT+6,270,Manager,0.2,2,low,0.5,Left,4
2023/05/31 6:09:04 PM GMT+6,220,Manager,0.4,2,high,0.3,Emplyeed,6
2023/05/31 6:09:07 PM GMT+6,270,Manager,0.5,6,medium,0.4,Emplyeed,6
2023/05/31 6:09:09 PM GMT+6,200,Software Engineering,0.1,2,medium,0.4,Left,5
2023/05/31 6:09:12 PM GMT+6,250,IT,0.6,5,high,0.3,Emplyeed,7
2023/05/31 6:09:14 PM GMT+6,270,Engineering,0.7,1,high,0.6,Emplyeed,5
2023/05/31 6:09:17 PM GMT+6,250,Software Engineering,0.2,5,high,0.9,Left,7
2023/05/31 6:09:19 PM GMT+6,220,sales,0.3,1,high,0.1,Left,7
2023/05/31 6:09:21 PM GMT+6,270,Manager,0.9,6,medium,0.3,Emplyeed,4
2023/05/31 6:09:24 PM GMT+6,200,IT,0.6,4,high,0.6,Emplyeed,6
2023/05/31 6:09:26 PM GMT+6,250,production,0.3,5,high,0.1,Left,5
2023/05/31 6:09:29 PM GMT+6,300,IT,0.3,4,high,0.5,Left,3
2023/05/31 6:09:31 PM GMT+6,200,production,0.3,5,low,0.3,Left,5
2023/05/31 6:09:33 PM GMT+6,300,sales,0.5,4,low,0.4,Emplyeed,1
2023/05/31 6:09:36 PM GMT+6,270,Manager,0.5,4,low,0.1,Emplyeed,3
2023/05/31 6:09:39 PM GMT+6,250,IT,0.2,3,high,0.9,Left,4
2023/05/31 6:09:41 PM GMT+6,270,production,0.3,7,medium,0.6,Left,6
2023/05/31 6:09:44 PM GMT+6,300,Finance,0.6,4,medium,0.7,Emplyeed,7
2023/05/31 6:09:46 PM GMT+6,300,Engineering,0.9,5,high,0.7,Emplyeed,4
2023/05/31 6:09:49 PM GMT+6,300,production,0.4,2,medium,0.5,Emplyeed,3
2023/05/31 6:09:51 PM GMT+6,250,production,0.3,2,medium,0.3,Left,7
2023/05/31 6:09:53 PM GMT+6,270,Engineering,0.9,6,high,0.2,Emplyeed,4
2023/05/31 6:09:56 PM GMT+6,200,production,0.1,6,high,0.5,Left,3
2023/05/31 6:09:58 PM GMT+6,250,Manager,0.1,7,medium,0.1,Left,4
2023/05/31 6:10:01 PM GMT+6,300,Finance,0.7,5,medium,0.6,Emplyeed,7
2023/05/31 6:10:03 PM GMT+6,250,sales,0.6,2,high,0.8,Emplyeed,1
2023/05/31 6:10:05 PM GMT+6,250,Finance,0.6,5,medium,0.7,Emplyeed,5
2023/05/31 6:10:08 PM GMT+6,200,Manager,0.1,4,low,0.5,Left,4
2023/05/31 6:10:10 PM GMT+6,220,Software Engineering,0.5,5,high,0.5,Emplyeed,1
2023/05/31 6:10:13 PM GMT+6,300,Manager,0.1,3,low,0.7,Left,7
2023/05/31 6:10:16 PM GMT+6,220,sales,0.4,1,medium,0.3,Emplyeed,7
2023/05/31 6:10:18 PM GMT+6,220,Engineering,0.5,7,high,0.2,Emplyeed,6
2023/05/31 6:10:20 PM GMT+6,220,production,0.8,1,high,0.4,Emplyeed,3
2023/05/31 6:10:23 PM GMT+6,200,sales,0.3,5,medium,0.7,Left,6
2023/05/31 6:10:25 PM GMT+6,300,Manager,0.7,3,low,0.1,Emplyeed,5
2023/05/31 6:10:28 PM GMT+6,200,sales,0.3,3,low,0.1,Left,2
2023/05/31 6:10:30 PM GMT+6,250,Software Engineering,0.5,1,low,0.3,Emplyeed,3
2023/05/31 6:10:33 PM GMT+6,270,Software Engineering,0.7,7,medium,0.5,Emplyeed,3
2023/05/31 6:10:35 PM GMT+6,200,IT,0.2,6,low,0.5,Left,1
2023/05/31 6:10:38 PM GMT+6,200,IT,0.8,4,high,0.5,Emplyeed,6
2023/05/31 6:10:40 PM GMT+6,300,Finance,0.2,7,high,0.7,Left,1
2023/05/31 6:10:42 PM GMT+6,250,Software Engineering,0.3,7,high,0.5,Left,2
2023/05/31 6:10:45 PM GMT+6,270,Software Engineering,0.1,4,high,0.7,Left,5
2023/05/31 6:10:47 PM GMT+6,270,Software Engineering,0.9,2,medium,0.8,Emplyeed,1
2023/05/31 6:10:50 PM GMT+6,220,Manager,0.4,7,high,0.4,Emplyeed,5
2023/05/31 6:10:52 PM GMT+6,300,Engineering,0.2,2,high,0.6,Left,1
2023/05/31 6:10:55 PM GMT+6,200,sales,0.5,6,high,0.4,Emplyeed,3
2023/05/31 6:10:57 PM GMT+6,250,Engineering,0.5,3,medium,0.6,Emplyeed,3
2023/05/31 6:10:59 PM GMT+6,200,Manager,0.8,5,high,0.5,Emplyeed,3
2023/05/31 6:11:02 PM GMT+6,200,Engineering,0.8,4,high,0.3,Emplyeed,7
2023/05/31 6:11:04 PM GMT+6,220,Finance,0.3,3,low,0.7,Left,7
2023/05/31 6:11:07 PM GMT+6,200,sales,0.5,7,low,0.5,Emplyeed,1
2023/05/31 6:11:09 PM GMT+6,220,sales,0.2,3,medium,0.4,Left,5
2023/05/31 6:11:12 PM GMT+6,270,Engineering,0.4,4,medium,0.5,Emplyeed,4
2023/05/31 6:11:14 PM GMT+6,300,Finance,0.3,6,medium,0.3,Left,6
2023/05/31 6:11:17 PM GMT+6,200,Finance,0.9,7,medium,0.2,Emplyeed,5
2023/05/31 6:11:19 PM GMT+6,250,sales,0.7,2,medium,0.1,Emplyeed,5
2023/05/31 6:11:22 PM GMT+6,200,Engineering,0.1,7,low,0.5,Left,6
2023/05/31 6:11:25 PM GMT+6,250,Manager,0.8,5,low,0.2,Emplyeed,7
2023/05/31 6:11:27 PM GMT+6,300,production,0.3,4,high,0.6,Left,7
2023/05/31 6:11:30 PM GMT+6,250,Manager,0.8,4,medium,0.5,Emplyeed,7
2023/05/31 6:11:32 PM GMT+6,250,Manager,0.3,6,medium,0.4,Left,3
2023/05/31 6:11:35 PM GMT+6,270,Engineering,0.7,4,medium,0.8,Emplyeed,2
2023/05/31 6:11:37 PM GMT+6,200,Manager,0.7,1,low,0.8,Emplyeed,2
2023/05/31 6:11:40 PM GMT+6,220,production,0.5,4,high,0.7,Emplyeed,7
2023/05/31 6:11:43 PM GMT+6,220,sales,0.9,4,high,0.1,Emplyeed,3
2023/05/31 6:11:46 PM GMT+6,250,production,0.1,6,low,0.2,Left,1
2023/05/31 6:11:48 PM GMT+6,270,production,0.3,1,high,0.6,Left,1
2023/05/31 6:11:50 PM GMT+6,220,production,0.6,1,low,0.8,Emplyeed,3
2023/05/31 6:11:53 PM GMT+6,300,Finance,0.5,2,high,0.1,Emplyeed,1
2023/05/31 6:11:55 PM GMT+6,200,Software Engineering,0.9,2,high,0.7,Emplyeed,4
2023/05/31 6:11:58 PM GMT+6,250,sales,0.7,3,medium,0.1,Emplyeed,3
2023/05/31 6:12:00 PM GMT+6,270,production,0.5,2,low,0.3,Emplyeed,7
2023/05/31 6:12:02 PM GMT+6,270,Software Engineering,0.3,7,high,0.1,Left,6
2023/05/31 6:12:05 PM GMT+6,300,Engineering,0.7,2,medium,0.9,Emplyeed,4
2023/05/31 6:12:08 PM GMT+6,220,sales,0.4,2,high,0.1,Emplyeed,3
2023/05/31 6:12:10 PM GMT+6,270,Software Engineering,0.3,1,low,0.8,Left,1
2023/05/31 6:12:12 PM GMT+6,300,Finance,0.1,2,medium,0.1,Left,5
2023/05/31 6:12:15 PM GMT+6,300,production,0.9,7,high,0.9,Emplyeed,3
2023/05/31 6:12:17 PM GMT+6,220,Engineering,0.7,1,medium,0.4,Emplyeed,5
2023/05/31 6:12:19 PM GMT+6,220,production,0.1,6,high,0.5,Left,5
2023/05/31 6:12:22 PM GMT+6,270,Finance,0.7,2,medium,0.4,Emplyeed,6
2023/05/31 6:12:24 PM GMT+6,220,Engineering,0.6,1,medium,0.1,Emplyeed,6
2023/05/31 6:12:27 PM GMT+6,200,production,0.8,3,high,0.5,Emplyeed,1
2023/05/31 6:12:30 PM GMT+6,200,Engineering,0.3,6,low,0.7,Left,6
2023/05/31 6:12:32 PM GMT+6,200,Engineering,0.9,1,medium,0.2,Emplyeed,7
2023/05/31 6:12:35 PM GMT+6,270,Software Engineering,0.9,2,high,0.1,Emplyeed,1
2023/05/31 6:12:37 PM GMT+6,220,Software Engineering,0.7,4,high,0.2,Emplyeed,1
2023/05/31 6:12:40 PM GMT+6,270,Engineering,0.8,5,medium,0.8,Emplyeed,2
2023/05/31 6:12:42 PM GMT+6,270,production,0.9,6,medium,0.8,Emplyeed,5
2023/05/31 6:12:45 PM GMT+6,250,Software Engineering,0.6,7,medium,0.9,Emplyeed,4
2023/05/31 6:12:48 PM GMT+6,270,IT,0.3,6,high,0.6,Left,3
2023/05/31 6:12:50 PM GMT+6,220,Software Engineering,0.7,3,medium,0.5,Emplyeed,4
2023/05/31 6:12:52 PM GMT+6,300,Engineering,0.2,1,medium,0.9,Left,2
2023/05/31 10:42:53 PM GMT+6,200,Engineering,0.2,5,low,0.9,Left,6
2023/05/31 10:42:56 PM GMT+6,270,IT,0.7,7,medium,0.1,Emplyeed,7
2023/05/31 10:43:15 PM GMT+6,300,Software Engineering,0.9,7,high,0.3,Emplyeed,2
2023/05/31 10:43:17 PM GMT+6,220,production,0.6,6,low,0.7,Emplyeed,4
2023/05/31 10:43:19 PM GMT+6,300,production,0.8,6,low,0.9,Emplyeed,7
2023/05/31 10:43:28 PM GMT+6,270,Engineering,0.2,6,high,0.5,Left,4
2023/05/31 10:43:31 PM GMT+6,220,Finance,0.2,7,high,0.1,Left,7
2023/05/31 10:43:41 PM GMT+6,200,Software Engineering,0.8,7,low,0.9,Emplyeed,5
2023/05/31 10:43:48 PM GMT+6,200,Engineering,0.6,1,high,0.4,Emplyeed,2
2023/05/31 10:43:51 PM GMT+6,250,IT,0.4,7,high,0.2,Emplyeed,7
2023/05/31 10:43:53 PM GMT+6,200,IT,0.9,3,low,0.5,Emplyeed,1
2023/05/31 10:43:54 PM GMT+6,220,Finance,0.4,1,low,0.4,Emplyeed,7
2023/05/31 10:43:56 PM GMT+6,300,Manager,0.4,3,low,0.2,Emplyeed,2
2023/05/31 10:43:58 PM GMT+6,270,sales,0.3,5,low,0.1,Left,1
2023/05/31 10:44:00 PM GMT+6,220,Engineering,0.4,3,high,0.3,Emplyeed,7
2023/05/31 10:44:03 PM GMT+6,300,Finance,0.6,7,high,0.1,Emplyeed,2
2023/05/31 10:44:09 PM GMT+6,200,production,0.6,5,low,0.1,Emplyeed,1
2023/05/31 10:44:11 PM GMT+6,250,Engineering,0.2,7,medium,0.3,Left,5
2023/05/31 10:44:14 PM GMT+6,300,Manager,0.1,2,low,0.1,Left,7
2023/05/31 10:44:15 PM GMT+6,220,sales,0.5,4,medium,0.9,Emplyeed,5
2023/05/31 10:44:17 PM GMT+6,220,Engineering,0.7,2,high,0.9,Emplyeed,7
2023/05/31 10:44:19 PM GMT+6,250,Software Engineering,0.4,7,high,0.9,Emplyeed,3
2023/05/31 10:44:21 PM GMT+6,250,Software Engineering,0.3,2,medium,0.1,Left,4
2023/05/31 10:44:23 PM GMT+6,250,Finance,0.4,6,high,0.1,Emplyeed,1
2023/05/31 10:44:25 PM GMT+6,250,Engineering,0.3,3,medium,0.7,Left,4
2023/05/31 10:44:27 PM GMT+6,300,IT,0.6,7,medium,0.7,Emplyeed,3
2023/05/31 10:44:29 PM GMT+6,220,Finance,0.2,6,low,0.7,Left,3
2023/05/31 10:44:31 PM GMT+6,200,IT,0.6,5,low,0.5,Emplyeed,6
2023/05/31 10:44:32 PM GMT+6,220,production,0.9,6,high,0.9,Emplyeed,2
2023/05/31 10:44:34 PM GMT+6,250,Engineering,0.4,3,low,0.4,Emplyeed,5
2023/05/31 10:44:36 PM GMT+6,270,sales,0.3,6,medium,0.7,Left,3
2023/05/31 10:44:37 PM GMT+6,200,sales,0.1,4,high,0.2,Left,1
2023/05/31 10:44:39 PM GMT+6,250,Engineering,0.6,7,high,0.9,Emplyeed,4
2023/05/31 10:44:41 PM GMT+6,270,IT,0.4,3,low,0.3,Emplyeed,7
2023/05/31 10:44:42 PM GMT+6,300,Finance,0.2,3,low,0.1,Left,5
2023/05/31 10:44:44 PM GMT+6,300,production,0.9,5,medium,0.4,Emplyeed,5
2023/05/31 10:44:46 PM GMT+6,200,IT,0.3,3,medium,0.2,Left,4
2023/05/31 10:44:47 PM GMT+6,220,IT,0.5,6,medium,0.6,Emplyeed,5
2023/05/31 10:44:49 PM GMT+6,200,production,0.4,6,medium,0.6,Emplyeed,5
2023/05/31 10:44:51 PM GMT+6,200,Manager,0.2,6,medium,0.7,Left,7
2023/05/31 10:44:52 PM GMT+6,270,sales,0.3,7,low,0.4,Left,7
2023/05/31 10:44:54 PM GMT+6,200,sales,0.5,3,low,0.8,Emplyeed,3
2023/05/31 10:44:56 PM GMT+6,200,sales,0.4,5,medium,0.5,Emplyeed,3
2023/05/31 10:44:57 PM GMT+6,250,sales,0.7,6,high,0.1,Emplyeed,7
2023/05/31 10:44:59 PM GMT+6,270,production,0.2,5,low,0.7,Left,2
2023/05/31 10:45:01 PM GMT+6,300,sales,0.7,2,medium,0.3,Emplyeed,5
2023/05/31 10:45:03 PM GMT+6,300,Manager,0.4,6,high,0.5,Emplyeed,6
2023/05/31 10:45:05 PM GMT+6,300,Finance,0.4,7,low,0.4,Emplyeed,7
2023/05/31 10:45:06 PM GMT+6,200,production,0.9,1,high,0.7,Emplyeed,4
2023/05/31 10:45:08 PM GMT+6,250,Software Engineering,0.8,5,high,0.7,Emplyeed,5
2023/05/31 10:45:10 PM GMT+6,270,Software Engineering,0.8,1,high,0.3,Emplyeed,5
2023/05/31 10:45:11 PM GMT+6,220,Finance,0.1,2,high,0.6,Left,7
2023/05/31 10:45:13 PM GMT+6,270,Finance,0.3,4,high,0.5,Left,3
2023/05/31 10:45:15 PM GMT+6,300,Engineering,0.7,3,low,0.3,Emplyeed,6
2023/05/31 10:45:16 PM GMT+6,200,production,0.4,3,low,0.9,Emplyeed,5
2023/05/31 10:45:18 PM GMT+6,300,production,0.5,6,medium,0.5,Emplyeed,4
2023/05/31 10:45:19 PM GMT+6,200,IT,0.8,4,medium,0.8,Emplyeed,1
2023/05/31 10:45:21 PM GMT+6,300,Finance,0.3,6,high,0.9,Left,2
2023/05/31 10:45:23 PM GMT+6,200,Engineering,0.8,6,high,0.4,Emplyeed,2
2023/05/31 10:45:24 PM GMT+6,300,sales,0.2,2,high,0.4,Left,7
2023/05/31 10:45:26 PM GMT+6,250,production,0.4,7,medium,0.5,Emplyeed,3
2023/05/31 10:45:28 PM GMT+6,220,Software Engineering,0.9,5,low,0.8,Emplyeed,1
2023/05/31 10:45:29 PM GMT+6,300,Engineering,0.7,7,medium,0.7,Emplyeed,6
2023/05/31 10:45:31 PM GMT+6,270,Manager,0.8,5,low,0.1,Emplyeed,1
2023/05/31 10:45:32 PM GMT+6,300,Finance,0.2,4,low,0.4,Left,2
2023/05/31 10:45:34 PM GMT+6,200,sales,0.4,5,low,0.2,Emplyeed,3
2023/05/31 10:45:36 PM GMT+6,250,IT,0.6,4,medium,0.2,Emplyeed,6
2023/05/31 10:45:37 PM GMT+6,250,Engineering,0.9,2,medium,0.5,Emplyeed,2
2023/05/31 10:45:39 PM GMT+6,200,sales,0.4,6,medium,0.8,Emplyeed,1
2023/05/31 10:45:41 PM GMT+6,220,production,0.4,1,medium,0.8,Emplyeed,2
2023/05/31 10:45:43 PM GMT+6,220,IT,0.4,4,medium,0.1,Emplyeed,5
2023/05/31 10:45:44 PM GMT+6,200,sales,0.8,1,low,0.6,Emplyeed,2
2023/05/31 10:45:46 PM GMT+6,220,Manager,0.7,1,low,0.7,Emplyeed,6
2023/05/31 10:45:48 PM GMT+6,300,Finance,0.3,4,medium,0.4,Left,1
2023/05/31 10:45:49 PM GMT+6,200,Software Engineering,0.3,6,low,0.3,Left,3
2023/05/31 10:45:51 PM GMT+6,300,IT,0.6,5,medium,0.7,Emplyeed,1
2023/05/31 10:45:52 PM GMT+6,250,production,0.9,6,low,0.8,Emplyeed,7
2023/05/31 10:45:54 PM GMT+6,300,Software Engineering,0.4,5,medium,0.5,Emplyeed,5
2023/05/31 10:45:55 PM GMT+6,300,Manager,0.8,1,high,0.8,Emplyeed,1
2023/05/31 10:45:57 PM GMT+6,270,Manager,0.3,3,high,0.4,Left,1
2023/05/31 10:45:59 PM GMT+6,270,production,0.3,7,low,0.6,Left,2
2023/05/31 10:46:00 PM GMT+6,250,Manager,0.9,1,low,0.3,Emplyeed,6
2023/05/31 10:46:02 PM GMT+6,250,Engineering,0.8,3,medium,0.3,Emplyeed,4
2023/05/31 10:46:03 PM GMT+6,250,Finance,0.6,3,high,0.1,Emplyeed,7
2023/05/31 10:46:06 PM GMT+6,300,Engineering,0.9,7,medium,0.1,Emplyeed,3
2023/05/31 10:46:07 PM GMT+6,220,Manager,0.1,5,medium,0.9,Left,7
2023/05/31 10:46:09 PM GMT+6,250,sales,0.1,6,high,0.8,Left,1
2023/05/31 10:46:10 PM GMT+6,270,sales,0.5,7,medium,0.5,Emplyeed,6
2023/05/31 10:46:12 PM GMT+6,220,Engineering,0.8,1,high,0.3,Emplyeed,7
2023/05/31 10:46:14 PM GMT+6,270,IT,0.6,5,low,0.3,Emplyeed,3
2023/05/31 10:46:16 PM GMT+6,200,Manager,0.6,6,medium,0.3,Emplyeed,6
2023/05/31 10:46:18 PM GMT+6,300,Software Engineering,0.1,7,medium,0.1,Left,6
2023/05/31 10:46:20 PM GMT+6,250,Manager,0.7,5,low,0.2,Emplyeed,6
2023/05/31 10:46:21 PM GMT+6,220,Engineering,0.2,3,low,0.1,Left,5
2023/05/31 10:46:23 PM GMT+6,250,Software Engineering,0.3,3,high,0.9,Left,2
2023/05/31 10:46:25 PM GMT+6,200,production,0.9,5,high,0.7,Emplyeed,7
2023/05/31 10:46:27 PM GMT+6,300,IT,0.4,3,high,0.1,Emplyeed,3
2023/05/31 10:46:28 PM GMT+6,200,IT,0.1,2,low,0.7,Left,6
2023/05/31 10:46:30 PM GMT+6,250,Manager,0.5,3,low,0.8,Emplyeed,3
2023/05/31 10:46:32 PM GMT+6,300,sales,0.7,4,high,0.1,Emplyeed,7
2023/05/31 10:46:34 PM GMT+6,220,Manager,0.2,1,high,0.9,Left,1
2023/05/31 10:46:35 PM GMT+6,270,Manager,0.2,3,medium,0.3,Left,5
2023/05/31 10:46:37 PM GMT+6,200,Engineering,0.4,3,low,0.1,Emplyeed,3
2023/05/31 10:46:39 PM GMT+6,270,Software Engineering,0.7,4,high,0.6,Emplyeed,2
2023/05/31 10:46:40 PM GMT+6,250,Engineering,0.7,4,medium,0.4,Emplyeed,2
2023/05/31 10:46:42 PM GMT+6,300,Software Engineering,0.7,4,high,0.9,Emplyeed,6
2023/05/31 10:46:44 PM GMT+6,300,Software Engineering,0.8,2,high,0.8,Emplyeed,5
2023/05/31 10:46:46 PM GMT+6,250,Engineering,0.6,1,medium,0.7,Emplyeed,1
2023/05/31 10:46:48 PM GMT+6,220,sales,0.3,5,medium,0.6,Left,2
2023/05/31 10:46:49 PM GMT+6,200,IT,0.6,5,medium,0.2,Emplyeed,6
2023/05/31 10:46:51 PM GMT+6,220,Software Engineering,0.8,1,medium,0.6,Emplyeed,3
2023/05/31 10:46:53 PM GMT+6,220,Finance,0.8,2,medium,0.1,Emplyeed,3
2023/05/31 10:46:54 PM GMT+6,300,Software Engineering,0.4,6,high,0.7,Emplyeed,2
2023/05/31 10:46:56 PM GMT+6,200,sales,0.5,1,medium,0.9,Emplyeed,6
2023/05/31 10:46:58 PM GMT+6,200,Manager,0.9,5,low,0.7,Emplyeed,5
2023/05/31 10:46:59 PM GMT+6,270,sales,0.2,5,low,0.5,Left,7
2023/05/31 10:47:01 PM GMT+6,270,sales,0.3,5,low,0.8,Left,5
2023/05/31 10:47:02 PM GMT+6,250,Finance,0.5,5,high,0.9,Emplyeed,3
2023/05/31 10:47:04 PM GMT+6,300,Engineering,0.6,4,high,0.1,Emplyeed,3
2023/05/31 10:47:06 PM GMT+6,300,Manager,0.6,1,medium,0.5,Emplyeed,2
2023/05/31 10:47:07 PM GMT+6,250,Software Engineering,0.4,1,high,0.9,Emplyeed,1
2023/05/31 10:47:09 PM GMT+6,270,Manager,0.3,3,low,0.1,Left,5
2023/05/31 10:47:10 PM GMT+6,220,Engineering,0.8,6,medium,0.8,Emplyeed,4
2023/05/31 10:47:12 PM GMT+6,200,Engineering,0.2,4,low,0.9,Left,4
2023/05/31 10:47:13 PM GMT+6,300,Manager,0.2,7,medium,0.9,Left,2
2023/05/31 10:47:15 PM GMT+6,220,Finance,0.4,2,low,0.2,Emplyeed,3
2023/05/31 10:47:17 PM GMT+6,200,sales,0.3,5,low,0.8,Left,4
2023/05/31 10:47:18 PM GMT+6,220,Software Engineering,0.1,5,low,0.1,Left,7
2023/05/31 10:47:20 PM GMT+6,220,production,0.7,1,low,0.8,Emplyeed,3
2023/05/31 10:47:22 PM GMT+6,200,Finance,0.2,2,medium,0.5,Left,4
2023/05/31 10:47:23 PM GMT+6,250,production,0.3,7,low,0.4,Left,2
2023/05/31 10:47:25 PM GMT+6,250,IT,0.6,3,medium,0.4,Emplyeed,2
2023/05/31 10:47:26 PM GMT+6,220,Manager,0.5,4,medium,0.4,Emplyeed,3
2023/05/31 10:47:28 PM GMT+6,250,production,0.1,6,high,0.1,Left,5
2023/05/31 10:47:30 PM GMT+6,300,Software Engineering,0.1,6,medium,0.4,Left,2
2023/05/31 10:47:32 PM GMT+6,270,Software Engineering,0.9,6,high,0.7,Emplyeed,5
2023/05/31 10:47:34 PM GMT+6,270,Finance,0.7,7,high,0.7,Emplyeed,4
2023/05/31 10:47:35 PM GMT+6,250,IT,0.9,3,high,0.9,Emplyeed,6
2023/05/31 10:47:37 PM GMT+6,220,IT,0.1,3,high,0.4,Left,2
2023/05/31 10:47:39 PM GMT+6,220,production,0.7,2,high,0.8,Emplyeed,7
2023/05/31 10:47:40 PM GMT+6,200,Manager,0.5,1,high,0.4,Emplyeed,2
2023/05/31 10:47:42 PM GMT+6,220,IT,0.8,4,low,0.2,Emplyeed,7
2023/05/31 10:47:43 PM GMT+6,270,production,0.7,3,medium,0.2,Emplyeed,5
2023/05/31 10:47:45 PM GMT+6,200,Software Engineering,0.1,2,high,0.8,Left,5
2023/05/31 10:47:46 PM GMT+6,270,Manager,0.8,1,low,0.3,Emplyeed,6
2023/05/31 10:47:48 PM GMT+6,270,Engineering,0.8,4,low,0.7,Emplyeed,3
2023/05/31 10:47:50 PM GMT+6,250,Software Engineering,0.6,6,high,0.2,Emplyeed,3
2023/05/31 10:47:51 PM GMT+6,220,Engineering,0.8,5,medium,0.2,Emplyeed,6
2023/05/31 10:47:53 PM GMT+6,200,production,0.8,1,low,0.1,Emplyeed,6
2023/05/31 10:47:55 PM GMT+6,220,Manager,0.6,7,low,0.4,Emplyeed,6
2023/05/31 10:47:57 PM GMT+6,220,IT,0.6,2,low,0.4,Emplyeed,3
2023/05/31 10:47:58 PM GMT+6,300,Manager,0.9,6,high,0.1,Emplyeed,7
2023/05/31 10:48:00 PM GMT+6,300,Manager,0.7,5,low,0.6,Emplyeed,3
2023/05/31 10:48:01 PM GMT+6,300,Software Engineering,0.5,4,low,0.9,Emplyeed,4
2023/05/31 10:48:03 PM GMT+6,220,Engineering,0.9,2,high,0.7,Emplyeed,2
2023/05/31 10:48:05 PM GMT+6,300,Manager,0.7,7,medium,0.9,Emplyeed,7
2023/05/31 10:48:06 PM GMT+6,270,sales,0.6,6,low,0.1,Emplyeed,3
2023/05/31 10:48:08 PM GMT+6,270,Finance,0.8,1,high,0.8,Emplyeed,1
2023/05/31 10:48:10 PM GMT+6,200,Engineering,0.4,1,high,0.9,Emplyeed,5
2023/05/31 10:48:12 PM GMT+6,270,Engineering,0.8,3,high,0.3,Emplyeed,1
2023/05/31 10:48:13 PM GMT+6,250,production,0.2,5,medium,0.2,Left,6
2023/05/31 10:48:15 PM GMT+6,220,Finance,0.8,3,low,0.8,Emplyeed,5
2023/05/31 10:48:16 PM GMT+6,220,Finance,0.2,2,high,0.5,Left,7
2023/05/31 10:48:18 PM GMT+6,300,sales,0.4,4,medium,0.7,Emplyeed,6
2023/05/31 10:48:20 PM GMT+6,200,Software Engineering,0.7,1,high,0.7,Emplyeed,3
2023/05/31 10:48:22 PM GMT+6,220,Manager,0.1,4,low,0.2,Left,5
2023/05/31 10:48:23 PM GMT+6,270,Finance,0.9,1,low,0.1,Emplyeed,3
2023/05/31 10:48:25 PM GMT+6,200,Finance,0.6,7,medium,0.2,Emplyeed,2
2023/05/31 10:48:27 PM GMT+6,270,Finance,0.3,5,medium,0.1,Left,1
2023/05/31 10:48:28 PM GMT+6,200,Software Engineering,0.5,1,high,0.6,Emplyeed,5
2023/05/31 10:48:30 PM GMT+6,250,Finance,0.5,5,medium,0.8,Emplyeed,4
2023/05/31 10:48:32 PM GMT+6,200,Manager,0.9,6,high,0.6,Emplyeed,1
2023/05/31 10:48:34 PM GMT+6,220,Finance,0.8,1,low,0.9,Emplyeed,6
2023/05/31 10:48:36 PM GMT+6,250,production,0.4,5,medium,0.6,Emplyeed,1
2023/05/31 10:48:38 PM GMT+6,250,Engineering,0.5,6,medium,0.9,Emplyeed,1
2023/05/31 10:48:40 PM GMT+6,200,production,0.6,4,medium,0.2,Emplyeed,2
2023/05/31 10:48:42 PM GMT+6,270,production,0.2,1,low,0.1,Left,3
2023/05/31 10:48:44 PM GMT+6,270,Engineering,0.4,6,low,0.6,Emplyeed,7
2023/05/31 10:48:46 PM GMT+6,300,sales,0.9,5,low,0.4,Emplyeed,1
2023/05/31 10:48:48 PM GMT+6,220,IT,0.5,5,low,0.1,Emplyeed,7
2023/05/31 10:48:49 PM GMT+6,200,Software Engineering,0.6,2,medium,0.7,Emplyeed,1
2023/05/31 10:48:51 PM GMT+6,300,Finance,0.2,7,medium,0.1,Left,1
2023/05/31 10:48:53 PM GMT+6,220,Software Engineering,0.9,7,low,0.8,Emplyeed,5
2023/05/31 10:48:54 PM GMT+6,220,sales,0.5,3,low,0.8,Emplyeed,1
2023/05/31 10:48:56 PM GMT+6,200,production,0.5,5,medium,0.6,Emplyeed,1
2023/05/31 10:48:58 PM GMT+6,220,IT,0.4,5,low,0.4,Emplyeed,6
2023/05/31 10:49:00 PM GMT+6,270,IT,0.6,4,medium,0.9,Emplyeed,1
2023/05/31 10:49:01 PM GMT+6,200,Software Engineering,0.2,4,high,0.6,Left,6
2023/05/31 10:49:03 PM GMT+6,200,Manager,0.7,6,medium,0.6,Emplyeed,3
2023/05/31 10:49:05 PM GMT+6,270,Engineering,0.9,6,low,0.7,Emplyeed,1
2023/05/31 10:49:06 PM GMT+6,200,sales,0.1,3,high,0.9,Left,2
2023/05/31 10:49:08 PM GMT+6,200,Finance,0.4,4,high,0.2,Emplyeed,5
2023/05/31 10:49:09 PM GMT+6,220,sales,0.8,5,low,0.2,Emplyeed,5
2023/05/31 10:49:11 PM GMT+6,250,Manager,0.7,4,high,0.5,Emplyeed,1
2023/05/31 10:49:13 PM GMT+6,220,sales,0.3,2,medium,0.9,Left,1
2023/05/31 10:49:14 PM GMT+6,200,IT,0.4,5,high,0.1,Emplyeed,1
2023/05/31 10:49:16 PM GMT+6,200,IT,0.7,4,low,0.9,Emplyeed,6
2023/05/31 10:49:18 PM GMT+6,300,IT,0.8,5,medium,0.8,Emplyeed,4
2023/05/31 10:49:19 PM GMT+6,250,Manager,0.2,4,high,0.4,Left,4
2023/05/31 10:49:21 PM GMT+6,250,sales,0.7,5,low,0.7,Emplyeed,7
2023/05/31 10:49:23 PM GMT+6,270,production,0.1,1,low,0.9,Left,1
2023/05/31 10:49:24 PM GMT+6,250,Manager,0.3,5,high,0.4,Left,5
2023/05/31 10:49:26 PM GMT+6,220,production,0.2,3,low,0.5,Left,3
2023/05/31 10:49:27 PM GMT+6,250,Finance,0.1,2,medium,0.8,Left,2
2023/05/31 10:49:29 PM GMT+6,270,Engineering,0.4,3,high,0.3,Emplyeed,5
2023/05/31 10:49:31 PM GMT+6,270,Manager,0.5,5,low,0.4,Emplyeed,6
2023/05/31 10:49:32 PM GMT+6,220,Software Engineering,0.8,7,medium,0.8,Emplyeed,3
2023/05/31 10:49:34 PM GMT+6,270,Software Engineering,0.7,3,low,0.5,Emplyeed,5
2023/05/31 10:49:36 PM GMT+6,220,IT,0.6,7,medium,0.7,Emplyeed,3
2023/05/31 10:49:38 PM GMT+6,220,sales,0.5,1,medium,0.1,Emplyeed,6
2023/05/31 10:49:40 PM GMT+6,270,sales,0.9,2,high,0.2,Emplyeed,6
2023/05/31 10:49:41 PM GMT+6,270,IT,0.7,7,high,0.5,Emplyeed,7
2023/05/31 10:49:43 PM GMT+6,200,Engineering,0.8,5,low,0.5,Emplyeed,5
2023/05/31 10:49:44 PM GMT+6,270,Manager,0.9,2,high,0.1,Emplyeed,6
2023/05/31 10:49:46 PM GMT+6,220,Engineering,0.4,1,low,0.2,Emplyeed,2
2023/05/31 10:49:47 PM GMT+6,200,production,0.3,2,high,0.2,Left,3
2023/05/31 10:49:49 PM GMT+6,300,IT,0.4,2,high,0.4,Emplyeed,3
2023/05/31 10:49:50 PM GMT+6,300,Finance,0.4,3,medium,0.7,Emplyeed,7
2023/05/31 10:49:52 PM GMT+6,270,sales,0.5,1,high,0.6,Emplyeed,5
2023/05/31 10:49:53 PM GMT+6,200,production,0.1,5,medium,0.7,Left,1
2023/05/31 10:49:55 PM GMT+6,250,Engineering,0.1,7,medium,0.1,Left,2
2023/05/31 10:49:57 PM GMT+6,270,Software Engineering,0.1,6,low,0.9,Left,4
2023/05/31 10:49:58 PM GMT+6,270,Engineering,0.1,1,medium,0.7,Left,6
2023/05/31 10:50:00 PM GMT+6,270,IT,0.7,5,medium,0.9,Emplyeed,7
2023/05/31 10:50:02 PM GMT+6,200,sales,0.9,3,medium,0.1,Emplyeed,2
2023/05/31 10:50:03 PM GMT+6,220,sales,0.1,1,medium,0.8,Left,6
2023/05/31 10:50:05 PM GMT+6,200,IT,0.2,6,low,0.3,Left,5
2023/05/31 10:50:06 PM GMT+6,250,IT,0.2,2,high,0.5,Left,5
2023/05/31 10:50:08 PM GMT+6,220,Manager,0.9,7,medium,0.8,Emplyeed,1
2023/05/31 10:50:10 PM GMT+6,250,sales,0.5,5,low,0.2,Emplyeed,1
2023/05/31 10:50:11 PM GMT+6,200,production,0.6,2,high,0.2,Emplyeed,7
2023/05/31 10:50:13 PM GMT+6,200,Software Engineering,0.7,7,high,0.3,Emplyeed,2
2023/05/31 10:50:15 PM GMT+6,220,production,0.3,3,high,0.6,Left,3
2023/05/31 10:50:17 PM GMT+6,270,Finance,0.8,6,medium,0.1,Emplyeed,4
2023/05/31 10:50:18 PM GMT+6,300,production,0.5,5,low,0.4,Emplyeed,2
2023/05/31 10:50:20 PM GMT+6,250,sales,0.2,7,medium,0.1,Left,5
2023/05/31 10:50:21 PM GMT+6,220,Software Engineering,0.5,4,medium,0.1,Emplyeed,6
2023/05/31 10:50:23 PM GMT+6,200,Software Engineering,0.6,6,low,0.6,Emplyeed,3
2023/05/31 10:50:25 PM GMT+6,300,Manager,0.1,2,low,0.3,Left,2
2023/05/31 10:50:26 PM GMT+6,200,Engineering,0.8,7,high,0.2,Emplyeed,5
2023/05/31 10:50:28 PM GMT+6,220,sales,0.5,1,medium,0.4,Emplyeed,5
2023/05/31 10:50:30 PM GMT+6,200,Engineering,0.5,1,low,0.3,Emplyeed,6
2023/05/31 10:50:31 PM GMT+6,200,Manager,0.7,6,medium,0.6,Emplyeed,3
2023/05/31 10:50:33 PM GMT+6,300,IT,0.7,5,low,0.9,Emplyeed,4
2023/05/31 10:50:34 PM GMT+6,270,Manager,0.1,3,low,0.7,Left,6
2023/05/31 10:50:36 PM GMT+6,220,production,0.1,1,medium,0.3,Left,1
2023/05/31 10:50:37 PM GMT+6,200,Engineering,0.5,7,low,0.6,Emplyeed,3
2023/05/31 10:50:39 PM GMT+6,270,sales,0.9,4,high,0.9,Emplyeed,2
2023/05/31 10:50:41 PM GMT+6,200,sales,0.2,2,low,0.7,Left,2
2023/05/31 10:50:42 PM GMT+6,220,IT,0.4,3,high,0.4,Emplyeed,6
2023/05/31 10:50:44 PM GMT+6,270,sales,0.4,3,medium,0.2,Emplyeed,4
2023/05/31 10:50:46 PM GMT+6,220,Manager,0.5,7,low,0.9,Emplyeed,7
2023/05/31 10:50:48 PM GMT+6,220,Finance,0.6,7,medium,0.8,Emplyeed,4
2023/05/31 10:50:49 PM GMT+6,220,sales,0.2,2,low,0.1,Left,4
2023/05/31 10:50:51 PM GMT+6,220,IT,0.1,1,medium,0.7,Left,1
2023/05/31 10:50:53 PM GMT+6,250,Software Engineering,0.5,4,low,0.4,Emplyeed,5
2023/05/31 10:50:55 PM GMT+6,220,Manager,0.5,5,high,0.9,Emplyeed,5
2023/05/31 10:50:56 PM GMT+6,200,Manager,0.2,3,low,0.4,Left,7
2023/05/31 10:50:58 PM GMT+6,250,sales,0.6,2,medium,0.3,Emplyeed,4
2023/05/31 10:51:00 PM GMT+6,200,production,0.9,2,high,0.1,Emplyeed,6
2023/05/31 10:51:02 PM GMT+6,300,IT,0.9,7,high,0.3,Emplyeed,2
2023/05/31 10:51:03 PM GMT+6,270,Software Engineering,0.4,4,medium,0.3,Emplyeed,3
2023/05/31 10:51:05 PM GMT+6,220,Engineering,0.1,7,high,0.7,Left,4
2023/05/31 10:51:07 PM GMT+6,250,Finance,0.9,4,low,0.5,Emplyeed,1
2023/05/31 10:51:08 PM GMT+6,220,Finance,0.8,6,low,0.6,Emplyeed,5
2023/05/31 10:51:10 PM GMT+6,200,Software Engineering,0.3,3,low,0.7,Left,3
2023/05/31 10:51:11 PM GMT+6,300,production,0.3,2,low,0.6,Left,7
2023/05/31 10:51:13 PM GMT+6,270,IT,0.6,2,high,0.8,Emplyeed,3
2023/05/31 10:51:15 PM GMT+6,200,sales,0.7,6,medium,0.9,Emplyeed,6
2023/05/31 10:51:16 PM GMT+6,250,Software Engineering,0.7,1,medium,0.9,Emplyeed,1
2023/05/31 10:51:18 PM GMT+6,300,production,0.9,3,high,0.1,Emplyeed,4
2023/05/31 10:51:20 PM GMT+6,220,Engineering,0.6,6,low,0.5,Emplyeed,2
2023/05/31 10:51:21 PM GMT+6,200,sales,0.7,3,medium,0.3,Emplyeed,3
2023/05/31 10:51:23 PM GMT+6,220,Engineering,0.5,3,high,0.7,Emplyeed,1
2023/05/31 10:51:25 PM GMT+6,300,production,0.5,4,low,0.5,Emplyeed,6
2023/05/31 10:51:27 PM GMT+6,300,Finance,0.5,4,high,0.3,Emplyeed,1
2023/05/31 10:51:29 PM GMT+6,220,Finance,0.2,7,high,0.1,Left,5
2023/05/31 10:51:31 PM GMT+6,270,Manager,0.4,6,high,0.9,Emplyeed,1
2023/05/31 10:51:32 PM GMT+6,220,Software Engineering,0.5,3,low,0.5,Emplyeed,6
2023/05/31 10:51:35 PM GMT+6,270,Engineering,0.9,2,low,0.8,Emplyeed,1
2023/05/31 10:51:37 PM GMT+6,270,sales,0.6,1,medium,0.6,Emplyeed,1
2023/05/31 10:51:39 PM GMT+6,270,IT,0.1,7,low,0.7,Left,4
2023/05/31 10:51:40 PM GMT+6,200,Engineering,0.1,5,high,0.2,Left,1
2023/05/31 10:51:42 PM GMT+6,300,Engineering,0.4,5,medium,0.5,Emplyeed,5
2023/05/31 10:51:43 PM GMT+6,270,production,0.4,6,low,0.6,Emplyeed,2
2023/05/31 10:51:45 PM GMT+6,300,production,0.3,3,medium,0.8,Left,2
2023/05/31 10:51:46 PM GMT+6,300,production,0.4,3,medium,0.4,Emplyeed,2
2023/05/31 10:51:48 PM GMT+6,300,Software Engineering,0.6,5,medium,0.1,Emplyeed,7
2023/05/31 10:51:50 PM GMT+6,300,production,0.4,7,low,0.9,Emplyeed,6
2023/05/31 10:51:51 PM GMT+6,220,IT,0.6,3,medium,0.6,Emplyeed,3
2023/05/31 10:51:53 PM GMT+6,200,Engineering,0.9,4,low,0.8,Emplyeed,3
2023/05/31 10:51:55 PM GMT+6,250,Manager,0.3,7,high,0.5,Left,6
2023/05/31 10:51:57 PM GMT+6,200,Finance,0.5,7,high,0.2,Emplyeed,2
2023/05/31 10:51:59 PM GMT+6,220,sales,0.1,6,medium,0.9,Left,4
2023/05/31 10:52:01 PM GMT+6,250,IT,0.5,3,medium,0.5,Emplyeed,4
2023/05/31 10:52:02 PM GMT+6,270,sales,0.3,2,medium,0.4,Left,7
2023/05/31 10:52:04 PM GMT+6,250,production,0.4,3,low,0.5,Emplyeed,7
2023/05/31 10:52:06 PM GMT+6,300,IT,0.8,7,medium,0.4,Emplyeed,6
2023/05/31 10:52:07 PM GMT+6,270,Engineering,0.1,2,high,0.4,Left,1
2023/05/31 10:52:09 PM GMT+6,300,Engineering,0.2,6,low,0.8,Left,3
2023/05/31 10:52:11 PM GMT+6,220,sales,0.4,2,high,0.1,Emplyeed,7
2023/05/31 10:52:12 PM GMT+6,300,sales,0.5,3,high,0.4,Emplyeed,5
2023/05/31 10:52:14 PM GMT+6,200,Engineering,0.3,3,high,0.7,Left,5
2023/05/31 10:52:16 PM GMT+6,200,IT,0.1,7,low,0.1,Left,5
2023/05/31 10:52:17 PM GMT+6,300,Software Engineering,0.3,7,high,0.5,Left,5
2023/05/31 10:52:19 PM GMT+6,220,production,0.1,2,low,0.4,Left,3
2023/05/31 10:52:20 PM GMT+6,300,Software Engineering,0.8,1,medium,0.3,Emplyeed,2
2023/05/31 10:52:22 PM GMT+6,250,Engineering,0.5,2,medium,0.7,Emplyeed,7
2023/05/31 10:52:24 PM GMT+6,250,Manager,0.7,4,medium,0.6,Emplyeed,3
2023/05/31 10:52:26 PM GMT+6,200,Finance,0.6,4,low,0.7,Emplyeed,5
2023/05/31 10:52:27 PM GMT+6,200,Finance,0.2,7,medium,0.2,Left,2
2023/05/31 10:52:29 PM GMT+6,200,production,0.8,7,low,0.6,Emplyeed,6
2023/05/31 10:52:31 PM GMT+6,300,Finance,0.5,4,low,0.7,Emplyeed,6
2023/05/31 10:52:32 PM GMT+6,270,Engineering,0.6,6,high,0.1,Emplyeed,4
2023/05/31 10:52:34 PM GMT+6,250,Manager,0.6,1,low,0.4,Emplyeed,3
2023/05/31 10:52:36 PM GMT+6,250,Software Engineering,0.2,5,medium,0.7,Left,7
2023/05/31 10:52:37 PM GMT+6,200,Engineering,0.8,3,low,0.9,Emplyeed,2
2023/05/31 10:52:39 PM GMT+6,220,IT,0.6,7,low,0.6,Emplyeed,1
2023/05/31 10:52:40 PM GMT+6,250,Software Engineering,0.6,1,medium,0.9,Emplyeed,5
2023/05/31 10:52:42 PM GMT+6,270,IT,0.3,4,low,0.4,Left,1
2023/05/31 10:52:44 PM GMT+6,300,Engineering,0.2,6,low,0.2,Left,2
2023/05/31 10:52:46 PM GMT+6,220,sales,0.6,5,high,0.3,Emplyeed,2
2023/05/31 10:52:47 PM GMT+6,270,sales,0.1,5,low,0.3,Left,4
2023/05/31 10:52:49 PM GMT+6,220,Software Engineering,0.8,4,medium,0.5,Emplyeed,2
2023/05/31 10:52:51 PM GMT+6,200,Software Engineering,0.5,2,medium,0.8,Emplyeed,2
2023/05/31 10:52:52 PM GMT+6,200,IT,0.8,4,medium,0.7,Emplyeed,7
2023/05/31 10:52:55 PM GMT+6,300,IT,0.2,2,high,0.6,Left,2
2023/05/31 10:52:58 PM GMT+6,300,production,0.4,1,high,0.5,Emplyeed,7
2023/05/31 10:53:00 PM GMT+6,220,Engineering,0.1,3,low,0.7,Left,4
2023/05/31 10:53:02 PM GMT+6,220,sales,0.6,2,medium,0.7,Emplyeed,6
2023/05/31 10:53:04 PM GMT+6,220,Software Engineering,0.8,2,medium,0.1,Emplyeed,2
2023/05/31 10:53:07 PM GMT+6,250,sales,0.5,5,medium,0.6,Emplyeed,6
2023/05/31 10:53:09 PM GMT+6,270,Engineering,0.5,1,low,0.4,Emplyeed,7
2023/05/31 10:53:15 PM GMT+6,250,Finance,0.6,1,low,0.4,Emplyeed,4
2023/05/31 10:53:17 PM GMT+6,200,Software Engineering,0.7,2,medium,0.1,Emplyeed,6
2023/05/31 10:53:20 PM GMT+6,200,production,0.2,7,high,0.7,Left,6
2023/05/31 10:53:22 PM GMT+6,270,sales,0.4,4,medium,0.4,Emplyeed,5
2023/05/31 10:53:24 PM GMT+6,300,Manager,0.8,1,low,0.6,Emplyeed,7
2023/05/31 10:53:26 PM GMT+6,200,sales,0.6,1,low,0.6,Emplyeed,6
2023/05/31 10:53:28 PM GMT+6,200,IT,0.7,7,medium,0.5,Emplyeed,7
2023/05/31 10:53:30 PM GMT+6,220,Manager,0.9,5,medium,0.8,Emplyeed,4
2023/05/31 10:53:32 PM GMT+6,270,Finance,0.4,6,low,0.1,Emplyeed,1
2023/05/31 10:53:35 PM GMT+6,270,Manager,0.7,3,high,0.3,Emplyeed,7
2023/05/31 10:53:37 PM GMT+6,200,Software Engineering,0.4,2,high,0.6,Emplyeed,5
2023/05/31 10:53:39 PM GMT+6,250,Software Engineering,0.2,7,medium,0.8,Left,2
2023/05/31 10:53:41 PM GMT+6,220,production,0.2,1,high,0.1,Left,7
2023/05/31 10:53:43 PM GMT+6,250,Manager,0.1,7,high,0.3,Left,4
2023/05/31 10:53:45 PM GMT+6,200,IT,0.6,6,high,0.4,Emplyeed,6
2023/05/31 10:53:47 PM GMT+6,220,Manager,0.2,1,low,0.2,Left,6
2023/05/31 10:53:49 PM GMT+6,250,production,0.3,3,medium,0.3,Left,5
2023/05/31 10:53:51 PM GMT+6,220,Manager,0.3,5,high,0.4,Left,7
2023/05/31 10:53:53 PM GMT+6,270,Finance,0.1,2,high,0.2,Left,6
2023/05/31 10:53:56 PM GMT+6,270,Finance,0.9,6,high,0.7,Emplyeed,1
2023/05/31 10:53:58 PM GMT+6,300,production,0.6,5,medium,0.2,Emplyeed,6
2023/05/31 10:54:01 PM GMT+6,270,Manager,0.2,7,medium,0.6,Left,1
2023/05/31 10:54:03 PM GMT+6,200,IT,0.1,2,medium,0.2,Left,3
2023/05/31 10:54:06 PM GMT+6,200,Engineering,0.3,6,high,0.6,Left,1
2023/05/31 10:54:08 PM GMT+6,250,IT,0.6,5,high,0.2,Emplyeed,7
2023/05/31 10:54:11 PM GMT+6,200,Engineering,0.2,5,medium,0.8,Left,3
2023/05/31 10:54:13 PM GMT+6,200,Software Engineering,0.7,1,low,0.8,Emplyeed,2
2023/05/31 10:54:15 PM GMT+6,250,sales,0.5,2,medium,0.6,Emplyeed,3
2023/05/31 10:54:17 PM GMT+6,300,sales,0.3,6,medium,0.8,Left,4
2023/05/31 10:54:19 PM GMT+6,270,sales,0.3,1,high,0.6,Left,7
2023/05/31 10:54:21 PM GMT+6,300,Finance,0.4,4,medium,0.5,Emplyeed,3
2023/05/31 10:54:23 PM GMT+6,200,Finance,0.9,2,medium,0.7,Emplyeed,3
2023/05/31 10:54:26 PM GMT+6,300,Finance,0.6,4,high,0.4,Emplyeed,3
2023/05/31 10:54:27 PM GMT+6,300,production,0.7,7,low,0.4,Emplyeed,7
2023/05/31 10:54:29 PM GMT+6,220,IT,0.3,6,low,0.1,Left,3
2023/05/31 10:54:31 PM GMT+6,220,production,0.8,4,high,0.6,Emplyeed,4
2023/05/31 10:54:33 PM GMT+6,220,Software Engineering,0.7,6,low,0.8,Emplyeed,2
2023/05/31 10:54:35 PM GMT+6,270,Manager,0.5,7,medium,0.8,Emplyeed,3
2023/05/31 10:54:36 PM GMT+6,270,production,0.2,4,low,0.5,Left,1
2023/05/31 10:54:38 PM GMT+6,220,IT,0.4,3,medium,0.8,Emplyeed,5
2023/05/31 10:54:40 PM GMT+6,270,Manager,0.8,3,low,0.5,Emplyeed,3
2023/05/31 10:54:43 PM GMT+6,250,sales,0.3,2,medium,0.1,Left,4
2023/05/31 10:54:45 PM GMT+6,250,production,0.7,2,high,0.8,Emplyeed,1
2023/05/31 10:54:46 PM GMT+6,220,production,0.6,4,high,0.2,Emplyeed,6
2023/05/31 10:54:49 PM GMT+6,200,sales,0.7,5,low,0.8,Emplyeed,2
2023/05/31 10:54:51 PM GMT+6,300,production,0.7,7,low,0.3,Emplyeed,7
2023/05/31 10:54:53 PM GMT+6,220,Manager,0.3,7,low,0.5,Left,5
2023/05/31 10:54:55 PM GMT+6,200,Engineering,0.3,6,high,0.2,Left,6
2023/05/31 10:54:57 PM GMT+6,250,IT,0.6,5,low,0.3,Emplyeed,1
2023/05/31 10:54:59 PM GMT+6,300,Finance,0.3,2,high,0.8,Left,3
2023/05/31 10:55:01 PM GMT+6,250,production,0.7,4,medium,0.9,Emplyeed,5
2023/05/31 10:55:02 PM GMT+6,300,sales,0.6,2,low,0.2,Emplyeed,2
2023/05/31 10:55:05 PM GMT+6,200,Engineering,0.2,3,high,0.3,Left,2
2023/05/31 10:55:06 PM GMT+6,220,Manager,0.5,5,low,0.6,Emplyeed,1
2023/05/31 10:55:08 PM GMT+6,270,Software Engineering,0.5,1,high,0.3,Emplyeed,4
2023/05/31 10:55:10 PM GMT+6,300,Engineering,0.6,4,low,0.2,Emplyeed,2
2023/05/31 10:55:12 PM GMT+6,200,Finance,0.3,5,high,0.3,Left,1
2023/05/31 10:55:14 PM GMT+6,270,Software Engineering,0.7,7,medium,0.2,Emplyeed,7
2023/05/31 10:55:16 PM GMT+6,250,Finance,0.6,4,high,0.8,Emplyeed,4
2023/05/31 10:55:18 PM GMT+6,200,sales,0.7,3,low,0.6,Emplyeed,7
2023/05/31 10:55:20 PM GMT+6,300,Manager,0.4,7,low,0.9,Emplyeed,3